intertidal_sitename,site_code,survey_rep,year,month,day,section,transect,location,zone_code,final_classification,count
Bodega,14,1,2001,7,7,1,0,1.9,1,littorina keenae,11
Bodega,14,1,2001,7,7,1,0,1.9,1,littorina plena; littorina scutulata,3
Bodega,14,1,2001,7,7,1,0,8,4,nucella canaliculata,11
Bodega,14,1,2001,7,7,1,0,8,4,tegula funebralis,3
Bodega,14,1,2001,7,8,1,0,17.8,8,leptasterias spp,10
Bodega,14,1,2001,7,8,1,0,17.8,8,nucella emarginata; nucella ostrina,1
Bodega,14,1,2001,7,7,1,3,1.8,1,littorina plena; littorina scutulata,24
Bodega,14,1,2001,7,7,1,3,6.4,4,littorina plena; littorina scutulata,544
Bodega,14,1,2001,7,7,1,3,6.4,4,tegula funebralis,1
Bodega,14,1,2001,7,7,1,3,20.7,8,leptasterias spp,3
Bodega,14,1,2001,7,7,1,3,20.7,8,nucella canaliculata,1
Bodega,14,1,2001,7,7,1,3,20.7,8,pisaster ochraceus,1
Bodega,14,1,2001,7,7,1,6,0.8,1,littorina plena; littorina scutulata,9
Bodega,14,1,2001,7,7,1,6,8.6,4,littorina plena; littorina scutulata,4
Bodega,14,1,2001,7,7,1,6,23.5,8,leptasterias spp,10
Bodega,14,1,2001,7,7,1,6,23.5,8,nucella canaliculata,1
Bodega,14,1,2001,7,7,1,6,23.5,8,pisaster ochraceus,4
Bodega,14,1,2001,7,7,1,6,23.5,8,pugettia producta,3
Bodega,14,1,2001,7,7,1,9,1.5,1,littorina plena; littorina scutulata,5
Bodega,14,1,2001,7,7,1,9,8,4,littorina plena; littorina scutulata,676
Bodega,14,1,2001,7,7,1,9,8,4,nucella canaliculata,1
Bodega,14,1,2001,7,7,1,9,8,4,pachygrapsus crassipes,2
Bodega,14,1,2001,7,7,1,9,23.7,8,cancer antennarius,7
Bodega,14,1,2001,7,7,1,9,23.7,8,leptasterias spp,1
Bodega,14,1,2001,7,7,1,9,23.7,8,pisaster ochraceus,1
Bodega,14,1,2001,7,7,1,12,2.2,1,littorina plena; littorina scutulata,72
Bodega,14,1,2001,7,7,1,12,10.1,4,littorina plena; littorina scutulata,232
Bodega,14,1,2001,7,7,1,12,10.1,4,nucella emarginata; nucella ostrina,6
Bodega,14,1,2001,7,7,1,12,10.1,4,tegula funebralis,13
Bodega,14,1,2001,7,8,1,12,24.4,8,leptasterias spp,32
Bodega,14,1,2001,7,8,1,12,24.4,8,pisaster ochraceus,1
Bodega,14,1,2001,7,8,1,12,24.4,8,pugettia producta,1
Bodega,14,1,2001,7,7,1,14,2.6,1,littorina plena; littorina scutulata,168
Bodega,14,1,2001,7,7,1,14,8.4,4,littorina plena; littorina scutulata,152
Bodega,14,1,2001,7,7,1,14,8.4,4,nucella emarginata; nucella ostrina,3
Bodega,14,1,2001,7,7,1,14,8.4,4,tegula funebralis,8
Bodega,14,1,2001,7,7,1,14,24.7,8,leptasterias spp,6
Bodega,14,1,2001,7,7,1,14,24.7,8,pisaster ochraceus,1
Bodega,14,1,2001,7,8,2,18,1.7,1,littorina plena; littorina scutulata,688
Bodega,14,1,2001,7,8,2,18,7.1,4,littorina plena; littorina scutulata,448
Bodega,14,1,2001,7,8,2,18,7.1,4,nucella emarginata; nucella ostrina,7
Bodega,14,1,2001,7,8,2,18,7.1,4,pachycheles spp,1
Bodega,14,1,2001,7,8,2,18,7.1,4,tegula funebralis,21
Bodega,14,1,2001,7,8,2,18,33.1,8,leptasterias spp,21
Bodega,14,1,2001,7,8,2,18,33.1,8,littorina plena; littorina scutulata,176
Bodega,14,1,2001,7,8,2,18,33.1,8,nucella canaliculata,5
Bodega,14,1,2001,7,8,2,18,33.1,8,pagurus hirsutiusculus,1
Bodega,14,1,2001,7,8,2,18,33.1,8,pisaster ochraceus,1
Bodega,14,1,2001,7,8,2,18,33.1,8,pugettia producta,1
Bodega,14,1,2001,7,7,2,21,2.2,1,littorina plena; littorina scutulata,288
Bodega,14,1,2001,7,8,2,21,22.1,4,leptasterias spp,4
Bodega,14,1,2001,7,8,2,21,22.1,4,littorina plena; littorina scutulata,192
Bodega,14,1,2001,7,8,2,21,22.1,4,nucella canaliculata,24
Bodega,14,1,2001,7,8,2,21,22.1,4,nucella emarginata; nucella ostrina,36
Bodega,14,1,2001,7,8,2,21,39.6,8,leptasterias spp,16
Bodega,14,1,2001,7,8,2,21,39.6,8,pisaster ochraceus,2
Bodega,14,1,2001,7,8,2,24,1.7,1,littorina plena; littorina scutulata,496
Bodega,14,1,2001,7,8,2,24,25.5,4,littorina plena; littorina scutulata,3
Bodega,14,1,2001,7,8,2,24,40.2,8,cancer antennarius,1
Bodega,14,1,2001,7,8,2,24,40.2,8,leptasterias spp,3
Bodega,14,1,2001,7,8,2,24,40.2,8,nucella canaliculata,1
Bodega,14,1,2001,7,8,2,24,40.2,8,pisaster ochraceus,2
Bodega,14,1,2001,7,8,2,24,40.2,8,pugettia producta,1
Bodega,14,1,2001,7,8,2,27,1.5,1,littorina plena; littorina scutulata,464
Bodega,14,1,2001,7,8,2,27,18.4,4,littorina plena; littorina scutulata,30
Bodega,14,1,2001,7,8,2,27,18.4,4,nucella emarginata; nucella ostrina,5
Bodega,14,1,2001,7,8,2,27,18.4,4,tegula funebralis,17
Bodega,14,1,2001,7,8,2,27,37,8,leptasterias spp,11
Bodega,14,1,2001,7,8,2,27,37,8,pisaster ochraceus,9
Bodega,14,1,2001,7,8,2,30,0.3,1,littorina plena; littorina scutulata,912
Bodega,14,1,2001,7,8,2,30,13.9,4,littorina plena; littorina scutulata,296
Bodega,14,1,2001,7,8,2,30,13.9,4,nucella emarginata; nucella ostrina,8
Bodega,14,1,2001,7,8,2,30,13.9,4,tegula funebralis,14
Bodega,14,1,2001,7,8,2,30,28.5,8,leptasterias spp,7
Bodega,14,1,2001,7,8,2,30,28.5,8,littorina plena; littorina scutulata,128
Bodega,14,1,2001,7,8,2,30,28.5,8,nucella canaliculata,2
Bodega,14,1,2001,7,8,2,30,28.5,8,nucella emarginata; nucella ostrina,3
Bodega,14,1,2001,7,8,2,30,28.5,8,pagurus hirsutiusculus,1
Bodega,14,1,2001,7,8,2,30,28.5,8,pisaster ochraceus,2
Bodega,14,1,2001,7,8,2,30,28.5,8,pugettia producta,1
Bodega,14,2,2003,6,2,1,0,0.9,1,littorina plena; littorina scutulata,34
Bodega,14,2,2003,6,2,1,0,7.6,4,littorina plena; littorina scutulata,5
Bodega,14,2,2003,6,2,1,0,7.6,4,nucella emarginata; nucella ostrina,1
Bodega,14,2,2003,6,2,1,0,14.5,8,leptasterias spp,1
Bodega,14,2,2003,6,2,1,0,14.5,8,nucella canaliculata,1
Bodega,14,2,2003,6,2,1,0,14.5,8,nucella emarginata; nucella ostrina,3
Bodega,14,2,2003,6,2,1,3,2.8,1,littorina plena; littorina scutulata,518
Bodega,14,2,2003,6,2,1,3,18.1,8,leptasterias spp,5
Bodega,14,2,2003,6,2,1,6,0.2,1,littorina plena; littorina scutulata,28
Bodega,14,2,2003,6,2,1,6,6.4,4,littorina plena; littorina scutulata,342
Bodega,14,2,2003,6,2,1,6,20.1,8,leptasterias spp,2
Bodega,14,2,2003,6,2,1,6,20.1,8,tegula funebralis,1
Bodega,14,2,2003,6,2,1,9,2.2,1,littorina plena; littorina scutulata,280
Bodega,14,2,2003,6,2,1,9,8.6,4,littorina plena; littorina scutulata,396
Bodega,14,2,2003,6,2,1,9,8.6,4,nucella emarginata; nucella ostrina,1
Bodega,14,2,2003,6,2,1,9,20.3,8,amphissa versicolor,1
Bodega,14,2,2003,6,2,1,9,20.3,8,leptasterias spp,10
Bodega,14,2,2003,6,2,1,9,20.3,8,littorina plena; littorina scutulata,51
Bodega,14,2,2003,6,2,1,12,4.4,1,littorina plena; littorina scutulata,48
Bodega,14,2,2003,6,2,1,12,13.8,4,littorina plena; littorina scutulata,50
Bodega,14,2,2003,6,2,1,12,13.8,4,nucella emarginata; nucella ostrina,1
Bodega,14,2,2003,6,2,1,12,18.1,8,leptasterias spp,1
Bodega,14,2,2003,6,2,1,12,18.1,8,littorina plena; littorina scutulata,72
Bodega,14,2,2003,6,2,1,12,18.1,8,nucella emarginata; nucella ostrina,9
Bodega,14,2,2003,6,2,1,12,18.1,8,tegula funebralis,1
Bodega,14,2,2003,6,2,1,14,0,1,littorina keenae,1
Bodega,14,2,2003,6,2,1,14,0,1,littorina plena; littorina scutulata,388
Bodega,14,2,2003,6,2,1,14,9.1,4,homalopoma spp,1
Bodega,14,2,2003,6,2,1,14,9.1,4,littorina plena; littorina scutulata,48
Bodega,14,2,2003,6,2,1,14,9.1,4,nucella emarginata; nucella ostrina,2
Bodega,14,2,2003,6,2,1,14,9.1,4,tegula funebralis,12
Bodega,14,2,2003,6,2,1,14,16.5,8,leptasterias spp,17
Bodega,14,2,2003,6,2,1,14,16.5,8,pisaster ochraceus,4
Bodega,14,2,2003,6,2,2,18,0.6,1,littorina plena; littorina scutulata,12
Bodega,14,2,2003,6,2,2,18,5,4,littorina plena; littorina scutulata,324
Bodega,14,2,2003,6,2,2,18,5,4,nucella emarginata; nucella ostrina,10
Bodega,14,2,2003,6,2,2,18,29,8,amphissa versicolor,1
Bodega,14,2,2003,6,2,2,18,29,8,leptasterias spp,3
Bodega,14,2,2003,6,2,2,18,29,8,pugettia producta,2
Bodega,14,2,2003,6,2,2,21,0.2,1,littorina plena; littorina scutulata,550
Bodega,14,2,2003,6,2,2,21,0.2,1,tegula funebralis,1
Bodega,14,2,2003,6,2,2,21,8,4,littorina plena; littorina scutulata,672
Bodega,14,2,2003,6,2,2,21,8,4,nucella emarginata; nucella ostrina,11
Bodega,14,2,2003,6,2,2,21,8,4,pagurus samuelis,1
Bodega,14,2,2003,6,2,2,21,8,4,tegula funebralis,5
Bodega,14,2,2003,6,2,2,21,31.5,8,amphissa versicolor,1
Bodega,14,2,2003,6,2,2,21,31.5,8,cancer antennarius,1
Bodega,14,2,2003,6,2,2,21,31.5,8,leptasterias spp,5
Bodega,14,2,2003,6,2,2,21,31.5,8,petrolisthes spp,1
Bodega,14,2,2003,6,2,2,24,2.1,1,littorina keenae,1
Bodega,14,2,2003,6,2,2,24,2.1,1,littorina plena; littorina scutulata,1233
Bodega,14,2,2003,6,2,2,24,11,4,littorina plena; littorina scutulata,112
Bodega,14,2,2003,6,2,2,24,11,4,nucella emarginata; nucella ostrina,3
Bodega,14,2,2003,6,2,2,24,11,4,pugettia producta,1
Bodega,14,2,2003,6,2,2,24,11,4,tegula funebralis,8
Bodega,14,2,2003,6,2,2,24,30,8,leptasterias spp,17
Bodega,14,2,2003,6,2,2,24,30,8,pisaster ochraceus,2
Bodega,14,2,2003,6,2,2,27,3.7,1,littorina keenae,1
Bodega,14,2,2003,6,2,2,27,3.7,1,littorina plena; littorina scutulata,764
Bodega,14,2,2003,6,2,2,27,17,4,nucella emarginata; nucella ostrina,6
Bodega,14,2,2003,6,2,2,27,17,4,petrolisthes spp,1
Bodega,14,2,2003,6,2,2,27,17,4,tegula funebralis,10
Bodega,14,2,2003,6,2,2,27,36,8,leptasterias spp,1
Bodega,14,2,2003,6,2,2,27,36,8,nucella canaliculata,3
Bodega,14,2,2003,6,2,2,27,36,8,nucella emarginata; nucella ostrina,1
Bodega,14,2,2003,6,2,2,27,36,8,petrolisthes spp,2
Bodega,14,2,2003,6,2,2,27,36,8,pisaster ochraceus,1
Bodega,14,2,2003,6,2,2,30,0,1,littorina plena; littorina scutulata,546
Bodega,14,2,2003,6,2,2,30,22,4,littorina plena; littorina scutulata,217
Bodega,14,2,2003,6,2,2,30,22,4,nucella emarginata; nucella ostrina,3
Bodega,14,2,2003,6,2,2,30,22,4,pachygrapsus crassipes,2
Bodega,14,2,2003,6,2,2,30,22,4,petrolisthes spp,1
Bodega,14,2,2003,6,2,2,30,22,4,tegula funebralis,8
Bodega,14,2,2003,6,2,2,30,34,8,leptasterias spp,3
Bodega,14,2,2003,6,2,2,30,34,8,nucella canaliculata,1
Bodega,14,2,2003,6,2,2,30,34,8,nucella emarginata; nucella ostrina,1
Bodega,14,2,2003,6,2,2,30,34,8,pisaster ochraceus,3
Bodega,14,3,2004,5,20,1,0,0.9,1,littorina keenae,5
Bodega,14,3,2004,5,20,1,0,10.8,4,littorina plena; littorina scutulata,1
Bodega,14,3,2004,5,20,1,0,10.8,4,pachygrapsus crassipes,1
Bodega,14,3,2004,5,20,1,3,2.5,1,littorina plena; littorina scutulata,296
Bodega,14,3,2004,5,20,1,3,2.5,1,tegula funebralis,1
Bodega,14,3,2004,5,20,1,3,16.1,8,leptasterias spp,1
Bodega,14,3,2004,5,20,1,6,1,1,littorina plena; littorina scutulata,236
Bodega,14,3,2004,5,20,1,6,20.2,8,leptasterias spp,6
Bodega,14,3,2004,5,20,1,6,20.2,8,nucella emarginata; nucella ostrina,2
Bodega,14,3,2004,5,20,1,9,0.8,1,littorina plena; littorina scutulata,192
Bodega,14,3,2004,5,20,1,9,6.5,4,littorina plena; littorina scutulata,116
Bodega,14,3,2004,5,20,1,9,6.5,4,nucella emarginata; nucella ostrina,1
Bodega,14,3,2004,5,20,1,12,3.3,1,littorina plena; littorina scutulata,108
Bodega,14,3,2004,5,20,1,12,3.3,1,pachygrapsus crassipes,1
Bodega,14,3,2004,5,20,1,12,3.3,1,tegula funebralis,1
Bodega,14,3,2004,5,20,1,12,9.1,4,littorina plena; littorina scutulata,105
Bodega,14,3,2004,5,20,1,12,9.1,4,nucella emarginata; nucella ostrina,44
Bodega,14,3,2004,5,20,1,12,9.1,4,tegula funebralis,2
Bodega,14,3,2004,5,20,1,12,21.3,8,leptasterias spp,11
Bodega,14,3,2004,5,20,1,14,3.3,1,littorina plena; littorina scutulata,384
Bodega,14,3,2004,5,20,1,14,3.3,1,nucella emarginata; nucella ostrina,4
Bodega,14,3,2004,5,20,1,14,6.8,4,littorina plena; littorina scutulata,42
Bodega,14,3,2004,5,20,1,14,17.5,8,nucella emarginata; nucella ostrina,3
Bodega,14,3,2004,5,20,2,18,3.4,1,littorina plena; littorina scutulata,464
Bodega,14,3,2004,5,20,2,18,27.4,4,littorina plena; littorina scutulata,1
Bodega,14,3,2004,5,20,2,18,27.4,4,nucella canaliculata,4
Bodega,14,3,2004,5,20,2,18,27.4,4,nucella emarginata; nucella ostrina,11
Bodega,14,3,2004,5,20,2,18,28.7,8,lacuna spp,16
Bodega,14,3,2004,5,20,2,18,28.7,8,leptasterias spp,2
Bodega,14,3,2004,5,20,2,21,1.6,1,littorina plena; littorina scutulata,476
Bodega,14,3,2004,5,20,2,21,22,4,nucella emarginata; nucella ostrina,23
Bodega,14,3,2004,5,20,2,21,22,4,tegula funebralis,1
Bodega,14,3,2004,5,20,2,21,29.2,8,lacuna spp,1
Bodega,14,3,2004,5,20,2,21,29.2,8,leptasterias spp,1
Bodega,14,3,2004,5,20,2,21,29.2,8,oedignathus inermis,1
Bodega,14,3,2004,5,20,2,24,1.6,1,littorina plena; littorina scutulata,272
Bodega,14,3,2004,5,20,2,24,40,8,leptasterias spp,6
Bodega,14,3,2004,5,20,2,24,40,8,pisaster ochraceus,1
Bodega,14,3,2004,5,20,2,27,2.9,1,littorina plena; littorina scutulata,1456
Bodega,14,3,2004,5,20,2,27,16.2,4,littorina plena; littorina scutulata,52
Bodega,14,3,2004,5,20,2,27,16.2,4,nucella emarginata; nucella ostrina,4
Bodega,14,3,2004,5,20,2,27,43.9,8,leptasterias spp,1
Bodega,14,3,2004,5,20,2,27,43.9,8,pugettia producta,1
Bodega,14,3,2004,5,20,2,30,0,1,littorina plena; littorina scutulata,464
Bodega,14,3,2004,5,20,2,30,10.5,4,littorina plena; littorina scutulata,192
Bodega,14,3,2004,5,20,2,30,10.5,4,nucella emarginata; nucella ostrina,2
Bodega,14,3,2004,5,20,2,30,10.5,4,pachygrapsus crassipes,4
Bodega,14,3,2004,5,20,2,30,39,8,leptasterias spp,3
Bodega,14,3,2004,5,20,2,30,39,8,oedignathus inermis,1
Bodega,14,3,2004,5,20,2,30,39,8,pisaster ochraceus,1
Bodega,14,4,2010,5,31,1,0,1.7,1,littorina plena; littorina scutulata,90
Bodega,14,4,2010,5,31,1,0,19.5,8,lacuna spp,2
Bodega,14,4,2010,5,31,1,0,19.5,8,leptasterias spp,5
Bodega,14,4,2010,5,31,1,0,19.5,8,pisaster ochraceus,1
Bodega,14,4,2010,5,31,1,6,0.1,1,littorina plena; littorina scutulata,46
Bodega,14,4,2010,5,31,1,6,13,4,petrolisthes spp,1
Bodega,14,4,2010,5,31,1,6,13,4,tegula funebralis,1
Bodega,14,4,2010,5,31,1,6,20.7,8,leptasterias spp,2
Bodega,14,4,2010,5,31,1,6,20.7,8,nucella canaliculata,4
Bodega,14,4,2010,5,31,1,14,2.7,1,littorina plena; littorina scutulata,284
Bodega,14,4,2010,5,31,1,14,8.3,4,littorina keenae,1
Bodega,14,4,2010,5,31,1,14,8.3,4,littorina plena; littorina scutulata,5
Bodega,14,4,2010,5,31,1,14,8.3,4,tegula funebralis,5
Bodega,14,4,2010,5,31,1,14,24.5,8,cancer antennarius,1
Bodega,14,4,2010,5,31,1,14,24.5,8,leptasterias spp,2
Bodega,14,4,2010,5,31,1,14,24.5,8,pagurus samuelis,1
Bodega,14,4,2010,5,31,2,18,2.6,1,littorina plena; littorina scutulata,980
Bodega,14,4,2010,5,31,2,18,27.2,4,nucella emarginata; nucella ostrina,2
Bodega,14,4,2010,5,31,2,18,27.2,4,tegula funebralis,3
Bodega,14,4,2010,5,31,2,18,30.8,8,nucella canaliculata,1
Bodega,14,4,2010,5,31,2,18,30.8,8,pagurus hirsutiusculus,2
Bodega,14,4,2010,5,31,2,18,30.8,8,pugettia producta,3
Bodega,14,4,2010,5,31,2,24,4.1,1,littorina plena; littorina scutulata,1120
Bodega,14,4,2010,5,31,2,24,10.8,4,littorina plena; littorina scutulata,1
Bodega,14,4,2010,5,31,2,24,10.8,4,littorina spp,3
Bodega,14,4,2010,5,31,2,24,10.8,4,pagurus granosimanus,1
Bodega,14,4,2010,5,31,2,24,10.8,4,pagurus hirsutiusculus,4
Bodega,14,4,2010,5,31,2,24,10.8,4,tegula funebralis,2
Bodega,14,4,2010,5,31,2,24,31.2,8,leptasterias spp,5
Bodega,14,4,2010,5,31,2,24,31.2,8,nucella canaliculata,1
Bodega,14,4,2010,5,31,2,30,0.5,1,littorina plena; littorina scutulata,560
Bodega,14,4,2010,5,31,2,30,20,4,littorina plena; littorina scutulata,178
Bodega,14,4,2010,5,31,2,30,20,4,nucella emarginata; nucella ostrina,10
Bodega,14,4,2010,5,31,2,30,20,4,pachygrapsus crassipes,3
Bodega,14,4,2010,5,31,2,30,20,4,tegula funebralis,2
Bodega,14,4,2010,5,31,2,30,38.7,8,leptasterias spp,3
Bodega,14,4,2010,5,31,2,30,38.7,8,nucella canaliculata,2
Bodega,14,4,2010,5,31,2,30,38.7,8,pugettia producta,1
Bodega,14,5,2012,11,13,1,0,1.7,1,littorina spp,132
Bodega,14,5,2012,11,13,1,0,3.2,1,littorina plena; littorina scutulata,15
Bodega,14,5,2012,11,13,1,0,3.2,1,littorina spp,94
Bodega,14,5,2012,11,13,1,0,3.2,1,nucella emarginata; nucella ostrina,1
Bodega,14,5,2012,11,13,1,0,3.2,1,pachygrapsus crassipes,1
Bodega,14,5,2012,11,13,1,0,3.2,1,tegula funebralis,8
Bodega,14,5,2012,11,13,1,0,7.2,4,littorina keenae,2
Bodega,14,5,2012,11,13,1,0,7.2,4,littorina spp,5
Bodega,14,5,2012,11,13,1,0,18.8,8,lacuna spp,1
Bodega,14,5,2012,11,13,1,0,18.8,8,nucella emarginata; nucella ostrina,1
Bodega,14,5,2012,11,13,1,0,18.8,8,pisaster ochraceus,1
Bodega,14,5,2012,11,13,1,3,1.6,1,littorina spp,134
Bodega,14,5,2012,11,13,1,3,1.6,1,pachygrapsus crassipes,2
Bodega,14,5,2012,11,13,1,3,1.6,1,tegula funebralis,2
Bodega,14,5,2012,11,13,1,3,2.9,1,littorina plena; littorina scutulata,8
Bodega,14,5,2012,11,13,1,3,2.9,1,littorina spp,352
Bodega,14,5,2012,11,13,1,3,5.2,4,littorina plena; littorina scutulata,5
Bodega,14,5,2012,11,13,1,3,5.2,4,littorina spp,72
Bodega,14,5,2012,11,13,1,6,1.1,1,littorina plena; littorina scutulata,9
Bodega,14,5,2012,11,13,1,6,1.1,1,littorina spp,51
Bodega,14,5,2012,11,13,1,6,8.4,4,leptasterias spp,2
Bodega,14,5,2012,11,13,1,6,8.4,4,lirularia spp; margarites spp,3
Bodega,14,5,2012,11,13,1,6,8.4,4,littorina keenae,8
Bodega,14,5,2012,11,13,1,6,8.4,4,littorina spp,110
Bodega,14,5,2012,11,13,1,6,8.4,4,tegula funebralis,1
Bodega,14,5,2012,11,13,1,9,1.4,1,littorina plena; littorina scutulata,10
Bodega,14,5,2012,11,13,1,9,1.4,1,littorina spp,25
Bodega,14,5,2012,11,13,1,9,5.4,4,littorina plena; littorina scutulata,3
Bodega,14,5,2012,11,13,1,9,5.4,4,littorina spp,83
Bodega,14,5,2012,11,13,1,9,5.4,4,tegula funebralis,5
Bodega,14,5,2012,11,13,1,9,20,8,nucella emarginata; nucella ostrina,2
Bodega,14,5,2012,11,13,1,12,9.5,4,littorina keenae,12
Bodega,14,5,2012,11,13,1,12,9.5,4,littorina spp,27
Bodega,14,5,2012,11,13,1,12,15.6,8,lacuna spp,1
Bodega,14,5,2012,11,13,1,12,15.6,8,littorina keenae,1
Bodega,14,5,2012,11,13,1,12,15.6,8,nucella emarginata; nucella ostrina,1
Bodega,14,5,2012,11,13,1,12,15.6,8,tegula funebralis,5
Bodega,14,5,2012,11,13,1,14,9.5,4,lirularia spp; margarites spp,1
Bodega,14,5,2012,11,13,1,14,9.5,4,nucella emarginata; nucella ostrina,3
Bodega,14,5,2012,11,13,1,14,9.5,4,tegula funebralis,17
Bodega,14,5,2012,11,13,1,14,16.6,8,littorina keenae,1
Bodega,14,5,2012,11,13,1,14,16.6,8,nucella emarginata; nucella ostrina,8
Bodega,14,5,2012,11,13,1,14,16.6,8,pagurus hirsutiusculus,6
Bodega,14,5,2012,11,13,1,14,16.6,8,tegula funebralis,2
Bodega,14,5,2012,11,13,1,14,23.8,8,alia spp,1
Bodega,14,5,2012,11,13,1,14,23.8,8,nucella emarginata; nucella ostrina,1
Bodega,14,5,2012,11,13,1,14,23.8,8,pugettia producta,1
Bodega,14,5,2012,11,13,2,18,3.1,1,littorina plena; littorina scutulata,2864
Bodega,14,5,2012,11,13,2,18,27.8,4,nucella emarginata; nucella ostrina,4
Bodega,14,5,2012,11,13,2,18,41.9,8,nucella emarginata; nucella ostrina,1
Bodega,14,5,2012,11,13,2,18,41.9,8,pisaster ochraceus,1
Bodega,14,5,2012,11,13,2,21,1.7,1,littorina plena; littorina scutulata,600
Bodega,14,5,2012,11,13,2,21,21.1,4,alia spp,1
Bodega,14,5,2012,11,13,2,21,21.1,4,littorina plena; littorina scutulata,3
Bodega,14,5,2012,11,13,2,21,21.1,4,nucella emarginata; nucella ostrina,18
Bodega,14,5,2012,11,13,2,21,21.1,4,petrolisthes spp,3
Bodega,14,5,2012,11,13,2,21,21.1,4,tegula funebralis,11
Bodega,14,5,2012,11,13,2,21,40.8,8,lacuna spp,2
Bodega,14,5,2012,11,13,2,21,41.3,8,pisaster ochraceus,2
Bodega,14,5,2012,11,13,2,24,4.1,1,littorina plena; littorina scutulata,1016
Bodega,14,5,2012,11,13,2,24,22.2,4,nucella emarginata; nucella ostrina,9
Bodega,14,5,2012,11,13,2,24,22.2,4,tegula funebralis,2
Bodega,14,5,2012,11,13,2,24,41.4,8,lacuna spp,2
Bodega,14,5,2012,11,13,2,24,41.4,8,pugettia producta,1
Bodega,14,5,2012,11,13,2,27,4.8,1,littorina plena; littorina scutulata,1592
Bodega,14,5,2012,11,13,2,27,22,4,littorina plena; littorina scutulata,136
Bodega,14,5,2012,11,13,2,27,38.2,8,nucella emarginata; nucella ostrina,1
Bodega,14,5,2012,11,13,2,27,38.2,8,pagurus hirsutiusculus,3
Bodega,14,5,2012,11,13,2,27,38.2,8,pisaster ochraceus,2
Bodega,14,5,2012,11,13,2,30,1.5,1,littorina plena; littorina scutulata,976
Bodega,14,5,2012,11,13,2,30,23.9,4,littorina keenae,4
Bodega,14,5,2012,11,13,2,30,23.9,4,littorina spp,32
Bodega,14,5,2012,11,13,2,30,23.9,4,nucella emarginata; nucella ostrina,2
Bodega,14,5,2012,11,13,2,30,23.9,4,pagurus hirsutiusculus,2
Bodega,14,5,2012,11,13,2,30,23.9,4,tegula funebralis,29
Bodega,14,5,2012,11,13,2,30,42.3,8,lacuna spp,88
Bodega,14,5,2012,11,13,2,30,42.3,8,lirularia spp; margarites spp,1
Bodega,14,5,2012,11,13,2,30,42.3,8,pachycheles spp,1
Bodega,14,5,2012,11,13,2,30,42.3,8,pisaster ochraceus,1
Bodega,14,7,2017,7,25,1,0,2.1,1,littorina keenae,44
Bodega,14,7,2017,7,25,1,0,12.6,4,nucella emarginata; nucella ostrina,1
Bodega,14,7,2017,7,25,1,0,16.3,8,nucella emarginata; nucella ostrina,1
Bodega,14,7,2017,7,25,1,0,16.3,8,petrolisthes spp,1
Bodega,14,7,2017,7,25,1,0,16.3,8,tegula funebralis,3
Bodega,14,7,2017,7,25,1,3,2.8,1,littorina keenae,7
Bodega,14,7,2017,7,25,1,3,2.8,1,littorina plena; littorina scutulata,42
Bodega,14,7,2017,7,25,1,3,11.8,4,nucella emarginata; nucella ostrina,2
Bodega,14,7,2017,7,25,1,3,11.8,4,pachygrapsus crassipes,4
Bodega,14,7,2017,7,25,1,3,11.8,4,tegula funebralis,6
Bodega,14,7,2017,7,25,1,3,19.3,8,nucella canaliculata,2
Bodega,14,7,2017,7,25,1,3,19.3,8,pisaster ochraceus,2
Bodega,14,7,2017,7,25,1,3,19.3,8,tegula funebralis,1
Bodega,14,7,2017,7,25,1,6,0.1,1,littorina keenae,3
Bodega,14,7,2017,7,25,1,6,0.1,1,littorina plena; littorina scutulata,40
Bodega,14,7,2017,7,25,1,6,0.1,1,tegula funebralis,5
Bodega,14,7,2017,7,25,1,6,8.8,4,pachygrapsus crassipes,1
Bodega,14,7,2017,7,25,1,6,8.8,4,tegula funebralis,76
Bodega,14,7,2017,7,25,1,6,18.7,8,nucella canaliculata,1
Bodega,14,7,2017,7,25,1,6,18.7,8,petrolisthes spp,1
Bodega,14,7,2017,7,25,1,6,18.7,8,pisaster ochraceus,2
Bodega,14,7,2017,7,25,1,6,18.7,8,tegula funebralis,10
Bodega,14,7,2017,7,25,1,9,1.7,1,littorina keenae,29
Bodega,14,7,2017,7,25,1,9,1.7,1,littorina plena; littorina scutulata,23
Bodega,14,7,2017,7,25,1,9,22.2,8,lacuna spp,52
Bodega,14,7,2017,7,25,1,9,22.2,8,nucella canaliculata,1
Bodega,14,7,2017,7,25,1,9,22.2,8,nucella emarginata; nucella ostrina,1
Bodega,14,7,2017,7,25,1,12,3.3,1,littorina plena; littorina scutulata,44
Bodega,14,7,2017,7,25,1,12,9.2,4,littorina plena; littorina scutulata,112
Bodega,14,7,2017,7,25,1,12,25.7,8,tegula funebralis,2
Bodega,14,7,2017,7,25,1,14,2.6,1,littorina plena; littorina scutulata,92
Bodega,14,7,2017,7,25,1,14,2.6,1,tegula funebralis,1
Bodega,14,7,2017,7,25,1,14,9.1,4,nucella emarginata; nucella ostrina,1
Bodega,14,7,2017,7,25,1,14,9.1,4,pachygrapsus crassipes,2
Bodega,14,7,2017,7,25,1,14,9.1,4,tegula funebralis,18
Bodega,14,7,2017,7,25,1,14,24.3,8,nucella emarginata; nucella ostrina,1
Bodega,14,7,2017,7,25,1,14,24.3,8,petrolisthes spp,1
Bodega,14,7,2017,7,25,1,14,24.3,8,pisaster ochraceus,3
Bodega,14,7,2017,7,25,1,14,24.3,8,tegula funebralis,1
Bodega,14,7,2017,7,25,2,18,0.9,1,littorina keenae,10
Bodega,14,7,2017,7,25,2,18,0.9,1,littorina plena; littorina scutulata,90
Bodega,14,7,2017,7,25,2,18,7.7,4,littorina plena; littorina scutulata,1
Bodega,14,7,2017,7,25,2,18,7.7,4,nucella emarginata; nucella ostrina,3
Bodega,14,7,2017,7,25,2,18,7.7,4,pachygrapsus crassipes,1
Bodega,14,7,2017,7,25,2,18,7.7,4,pagurus samuelis,1
Bodega,14,7,2017,7,25,2,18,7.7,4,tegula funebralis,5
Bodega,14,7,2017,7,25,2,18,36.6,8,nucella canaliculata,2
Bodega,14,7,2017,7,25,2,21,2.5,1,littorina keenae,3
Bodega,14,7,2017,7,25,2,21,2.5,1,littorina plena; littorina scutulata,1312
Bodega,14,7,2017,7,25,2,21,39.4,8,nucella emarginata; nucella ostrina,1
Bodega,14,7,2017,7,25,2,24,0,4,hemigrapsus nudus,1
Bodega,14,7,2017,7,25,2,24,0,4,littorina plena; littorina scutulata,22
Bodega,14,7,2017,7,25,2,24,0,4,nucella emarginata; nucella ostrina,11
Bodega,14,7,2017,7,25,2,24,0,4,pachygrapsus crassipes,1
Bodega,14,7,2017,7,25,2,24,0,4,tegula funebralis,7
Bodega,14,7,2017,7,25,2,24,2.7,1,littorina plena; littorina scutulata,1224
Bodega,14,7,2017,7,25,2,27,4.3,1,littorina plena; littorina scutulata,2240
Bodega,14,7,2017,7,25,2,27,23.9,4,littorina plena; littorina scutulata,168
Bodega,14,7,2017,7,25,2,27,23.9,4,nucella emarginata; nucella ostrina,20
Bodega,14,7,2017,7,25,2,27,23.9,4,tegula funebralis,1
Bodega,14,7,2017,7,25,2,27,30.7,8,alia spp,1
Bodega,14,7,2017,7,25,2,27,30.7,8,lirularia spp; margarites spp,1
Bodega,14,7,2017,7,25,2,30,0.9,1,littorina keenae,96
Bodega,14,7,2017,7,25,2,30,0.9,1,littorina plena; littorina scutulata,384
Bodega,14,7,2017,7,25,2,30,26.2,4,nucella emarginata; nucella ostrina,1
Bodega,14,7,2017,7,25,2,30,26.2,4,pachygrapsus crassipes,4
Bodega,14,7,2017,7,25,2,30,26.2,4,tegula funebralis,2
Bodega,14,7,2017,7,25,2,30,42.7,8,oedignathus inermis,1
Bodega,14,7,2017,7,25,2,30,42.7,8,pachycheles spp,1
Bodega,14,7,2017,7,25,2,30,42.7,8,tegula brunnea,1
Bodega,14,10,2020,6,24,1,0,3.6,1,littorina keenae,17
Bodega,14,10,2020,6,24,1,0,3.6,1,tegula funebralis,6
Bodega,14,10,2020,6,24,1,0,6.9,4,nucella emarginata; nucella ostrina,2
Bodega,14,10,2020,6,24,1,0,6.9,4,pachygrapsus crassipes,3
Bodega,14,10,2020,6,24,1,0,18.65,8,lacuna spp,24
Bodega,14,10,2020,6,24,1,0,18.65,8,petrolisthes spp,2
Bodega,14,10,2020,6,24,1,0,18.65,8,pisaster ochraceus,2
Bodega,14,10,2020,6,24,1,0,18.65,8,pugettia gracilis; pugettia richii,3
Bodega,14,10,2020,6,24,1,0,18.65,8,tegula funebralis,1
Bodega,14,10,2020,6,24,1,6,0.3,1,littorina keenae,28
Bodega,14,10,2020,6,24,1,6,0.3,1,littorina plena; littorina scutulata,8
Bodega,14,10,2020,6,24,1,6,9.6,4,littorina plena; littorina scutulata,1
Bodega,14,10,2020,6,24,1,6,9.6,4,pachygrapsus crassipes,3
Bodega,14,10,2020,6,24,1,6,21.2,8,nucella canaliculata,1
Bodega,14,10,2020,6,24,1,6,21.2,8,nucella emarginata; nucella ostrina,2
Bodega,14,10,2020,6,24,1,12,4.2,1,littorina keenae,18
Bodega,14,10,2020,6,24,1,12,4.2,1,littorina plena; littorina scutulata,18
Bodega,14,10,2020,6,24,1,12,4.2,1,tegula funebralis,1
Bodega,14,10,2020,6,24,1,12,7.2,4,littorina plena; littorina scutulata,16
Bodega,14,10,2020,6,24,1,12,7.2,4,pachygrapsus crassipes,3
Bodega,14,10,2020,6,24,1,12,7.2,4,tegula funebralis,7
Bodega,14,10,2020,6,24,1,12,24.8,8,littorina plena; littorina scutulata,3
Bodega,14,10,2020,6,24,1,12,24.8,8,nucella emarginata; nucella ostrina,1
Bodega,14,10,2020,6,24,1,12,24.8,8,tegula funebralis,1
Bodega,14,10,2020,6,24,2,18,3.3,1,littorina spp,1968
Bodega,14,10,2020,6,24,2,18,5.7,4,nucella canaliculata,1
Bodega,14,10,2020,6,24,2,18,5.7,4,nucella emarginata; nucella ostrina,1
Bodega,14,10,2020,6,24,2,18,5.7,4,pachycheles spp,1
Bodega,14,10,2020,6,24,2,18,5.7,4,pachygrapsus crassipes,3
Bodega,14,10,2020,6,24,2,18,5.7,4,petrolisthes spp,2
Bodega,14,10,2020,6,24,2,18,5.7,4,tegula funebralis,68
Bodega,14,10,2020,6,24,2,18,30.8,8,amphissa columbiana,3
Bodega,14,10,2020,6,24,2,18,30.8,8,cancer spp,1
Bodega,14,10,2020,6,24,2,18,30.8,8,littorina plena; littorina scutulata,4
Bodega,14,10,2020,6,24,2,18,30.8,8,pisaster ochraceus,3
Bodega,14,10,2020,6,24,2,18,30.8,8,pugettia gracilis; pugettia richii,1
Bodega,14,10,2020,6,24,2,18,30.8,8,pugettia producta,2
Bodega,14,10,2020,6,24,2,18,30.8,8,tegula funebralis,1
Bodega,14,10,2020,6,24,2,24,35.7,4,nucella canaliculata,4
Bodega,14,10,2020,6,24,2,24,35.7,4,nucella emarginata; nucella ostrina,22
Bodega,14,10,2020,6,24,2,24,42,8,amphissa columbiana,2
Bodega,14,10,2020,6,24,2,24,42,8,nucella canaliculata,7
Bodega,14,10,2020,6,24,2,24,42,8,petrolisthes spp,1
Bodega,14,10,2020,6,24,2,24,42,8,pisaster ochraceus,8
Bodega,14,10,2020,6,24,2,24,42,8,tegula funebralis,1
Bodega,14,10,2020,6,24,2,24,,1,littorina keenae,13
Bodega,14,10,2020,6,24,2,24,,1,littorina plena; littorina scutulata,200
Bodega,14,10,2020,6,24,2,30,0.7,1,littorina keenae,1
Bodega,14,10,2020,6,24,2,30,0.7,1,littorina plena; littorina scutulata,5
Bodega,14,10,2020,6,24,2,30,0.7,1,littorina spp,271
Bodega,14,10,2020,6,24,2,30,23.5,4,littorina plena; littorina scutulata,6
Bodega,14,10,2020,6,24,2,30,23.5,4,pachygrapsus crassipes,5
Bodega,14,10,2020,6,24,2,30,23.5,4,tegula funebralis,3
Bodega,14,10,2020,6,24,2,30,41.2,8,nucella canaliculata,40
Bodega,14,10,2020,6,24,2,30,41.2,8,nucella emarginata; nucella ostrina,36
Bodega,14,10,2020,6,24,2,30,41.2,8,oedignathus inermis,1
Bodega,14,10,2020,6,24,2,30,41.2,8,petrolisthes spp,4
Bodega,14,10,2020,6,24,2,30,41.2,8,pisaster ochraceus,2
Lompoc Landing,60,1,2007,3,19,1,0,0.8,1,littorina keenae,41
Lompoc Landing,60,1,2007,3,19,1,0,9.8,4,nucella emarginata; nucella ostrina,16
Lompoc Landing,60,1,2007,3,19,1,0,9.8,4,pachygrapsus crassipes,1
Lompoc Landing,60,1,2007,3,19,1,0,16.8,8,pisaster ochraceus,3
Lompoc Landing,60,1,2007,3,19,1,3,1.6,1,littorina keenae,59
Lompoc Landing,60,1,2007,3,19,1,3,8.2,4,littorina plena; littorina scutulata,2
Lompoc Landing,60,1,2007,3,19,1,3,8.2,4,littorina spp,3
Lompoc Landing,60,1,2007,3,19,1,3,8.2,4,nucella emarginata; nucella ostrina,9
Lompoc Landing,60,1,2007,3,19,1,3,14,8,nucella emarginata; nucella ostrina,7
Lompoc Landing,60,1,2007,3,19,1,3,14,8,pisaster ochraceus,2
Lompoc Landing,60,1,2007,3,19,1,6,0.6,1,littorina keenae,24
Lompoc Landing,60,1,2007,3,19,1,6,0.6,1,littorina plena; littorina scutulata,2
Lompoc Landing,60,1,2007,3,19,1,6,5.4,4,nucella emarginata; nucella ostrina,1
Lompoc Landing,60,1,2007,3,19,1,6,5.4,4,tegula funebralis,7
Lompoc Landing,60,1,2007,3,19,1,6,14.9,8,nucella emarginata; nucella ostrina,7
Lompoc Landing,60,1,2007,3,19,1,6,14.9,8,pisaster ochraceus,1
Lompoc Landing,60,1,2007,3,19,1,9,2,1,littorina keenae,5
Lompoc Landing,60,1,2007,3,19,1,9,2,1,littorina plena; littorina scutulata,3
Lompoc Landing,60,1,2007,3,19,1,9,19.8,8,pisaster ochraceus,8
Lompoc Landing,60,1,2007,3,19,1,9,19.9,4,nucella emarginata; nucella ostrina,3
Lompoc Landing,60,1,2007,3,19,1,9,19.9,4,tegula funebralis,2
Lompoc Landing,60,1,2007,3,19,1,12,1,1,littorina keenae,1
Lompoc Landing,60,1,2007,3,19,1,12,1,1,littorina plena; littorina scutulata,21
Lompoc Landing,60,1,2007,3,19,1,12,1,1,littorina spp,1
Lompoc Landing,60,1,2007,3,19,1,12,1,1,nucella emarginata; nucella ostrina,1
Lompoc Landing,60,1,2007,3,19,1,12,1,1,tegula funebralis,25
Lompoc Landing,60,1,2007,3,19,1,12,8.2,4,littorina plena; littorina scutulata,1
Lompoc Landing,60,1,2007,3,19,1,12,8.2,4,nucella emarginata; nucella ostrina,3
Lompoc Landing,60,1,2007,3,19,1,12,8.2,4,tegula funebralis,7
Lompoc Landing,60,1,2007,3,19,1,12,18.6,8,pisaster ochraceus,1
Lompoc Landing,60,1,2007,3,19,1,15,1.8,1,littorina keenae,6
Lompoc Landing,60,1,2007,3,19,1,15,1.8,1,littorina plena; littorina scutulata,7
Lompoc Landing,60,1,2007,3,19,1,15,1.8,1,littorina spp,20
Lompoc Landing,60,1,2007,3,19,1,15,10.9,4,tegula funebralis,1
Lompoc Landing,60,1,2007,3,19,1,15,15,8,nucella emarginata; nucella ostrina,1
Lompoc Landing,60,1,2007,3,19,1,18,3.2,1,littorina keenae,1
Lompoc Landing,60,1,2007,3,19,1,18,3.2,1,littorina plena; littorina scutulata,4
Lompoc Landing,60,1,2007,3,19,1,18,3.2,1,littorina spp,7
Lompoc Landing,60,1,2007,3,19,1,18,11.3,4,nucella emarginata; nucella ostrina,2
Lompoc Landing,60,1,2007,3,19,1,18,11.3,4,tegula funebralis,1
Lompoc Landing,60,1,2007,3,19,1,18,14.8,8,nucella emarginata; nucella ostrina,11
Lompoc Landing,60,1,2007,3,19,1,18,14.8,8,tegula funebralis,1
Lompoc Landing,60,1,2007,3,19,1,21,2,1,littorina keenae,37
Lompoc Landing,60,1,2007,3,19,1,21,2,1,littorina plena; littorina scutulata,3
Lompoc Landing,60,1,2007,3,19,1,21,2,1,littorina spp,3
Lompoc Landing,60,1,2007,3,19,1,21,9.5,4,nucella emarginata; nucella ostrina,1
Lompoc Landing,60,1,2007,3,19,1,21,9.5,4,pagurus samuelis,2
Lompoc Landing,60,1,2007,3,19,1,21,9.5,4,tegula funebralis,12
Lompoc Landing,60,1,2007,3,19,1,21,15.9,8,pisaster ochraceus,1
Lompoc Landing,60,1,2007,3,19,1,24,2.6,1,littorina keenae,15
Lompoc Landing,60,1,2007,3,19,1,24,2.6,1,littorina plena; littorina scutulata,3
Lompoc Landing,60,1,2007,3,19,1,24,2.6,1,littorina spp,2
Lompoc Landing,60,1,2007,3,19,1,24,6.6,4,nucella emarginata; nucella ostrina,5
Lompoc Landing,60,1,2007,3,19,1,24,6.6,4,pachygrapsus crassipes,1
Lompoc Landing,60,1,2007,3,19,1,24,6.6,4,tegula funebralis,9
Lompoc Landing,60,1,2007,3,19,1,24,17.2,8,nucella emarginata; nucella ostrina,10
Lompoc Landing,60,1,2007,3,19,1,27,2.8,1,littorina keenae,1
Lompoc Landing,60,1,2007,3,19,1,27,2.8,1,littorina plena; littorina scutulata,11
Lompoc Landing,60,1,2007,3,19,1,27,2.8,1,littorina spp,4
Lompoc Landing,60,1,2007,3,19,1,27,9.6,4,littorina plena; littorina scutulata,1
Lompoc Landing,60,1,2007,3,19,1,27,9.6,4,nucella emarginata; nucella ostrina,2
Lompoc Landing,60,1,2007,3,19,1,27,9.6,4,tegula funebralis,5
Lompoc Landing,60,1,2007,3,19,1,27,19,8,nucella emarginata; nucella ostrina,1
Lompoc Landing,60,1,2007,3,19,1,30,0.8,1,littorina keenae,1
Lompoc Landing,60,1,2007,3,19,1,30,0.8,1,littorina plena; littorina scutulata,15
Lompoc Landing,60,1,2007,3,19,1,30,4.9,4,tegula funebralis,20
Lompoc Landing,60,1,2007,3,19,1,30,16.9,8,nucella emarginata; nucella ostrina,1
Lompoc Landing,60,1,2007,3,19,1,30,16.9,8,pisaster ochraceus,1
Alegria,38,1,2001,5,26,1,0,12,4,acanthinucella spp,4
Alegria,38,1,2001,5,26,1,0,12,4,tegula funebralis,3
Alegria,38,1,2001,5,26,1,0,32.6,8,epitonium tinctum,7
Alegria,38,1,2001,5,26,1,0,32.6,8,pachygrapsus crassipes,3
Alegria,38,1,2001,5,26,1,0,32.6,8,pagurus hirsutiusculus,2
Alegria,38,1,2001,5,26,1,0,32.6,8,pugettia gracilis; pugettia richii,1
Alegria,38,1,2001,5,26,1,3,4,1,littorina plena; littorina scutulata,6
Alegria,38,1,2001,5,26,1,3,30.5,8,acanthinucella spp,5
Alegria,38,1,2001,5,26,1,3,30.5,8,epitonium tinctum,3
Alegria,38,1,2001,5,26,1,3,30.5,8,pachygrapsus crassipes,3
Alegria,38,1,2001,5,26,1,3,30.5,8,pagurus hirsutiusculus,2
Alegria,38,1,2001,5,26,1,6,4,1,littorina plena; littorina scutulata,4
Alegria,38,1,2001,5,26,1,6,4,1,ocenebra circumtexta,1
Alegria,38,1,2001,5,26,1,6,4,1,tegula funebralis,1
Alegria,38,1,2001,5,26,1,6,9.7,4,littorina plena; littorina scutulata,12
Alegria,38,1,2001,5,26,1,6,9.7,4,nucella emarginata; nucella ostrina,12
Alegria,38,1,2001,5,26,1,6,9.7,4,pachygrapsus crassipes,12
Alegria,38,1,2001,5,26,1,6,9.7,4,tegula funebralis,16
Alegria,38,1,2001,5,26,1,6,32.2,8,acanthinucella spp,1
Alegria,38,1,2001,5,26,1,6,32.2,8,californiconus californicus,1
Alegria,38,1,2001,5,26,1,6,32.2,8,epitonium tinctum,2
Alegria,38,1,2001,5,26,1,6,32.2,8,ocenebra circumtexta,1
Alegria,38,1,2001,5,26,1,9,3,1,littorina plena; littorina scutulata,3
Alegria,38,1,2001,5,26,1,9,12.1,4,epitonium tinctum,3
Alegria,38,1,2001,5,26,1,9,12.1,4,littorina plena; littorina scutulata,1
Alegria,38,1,2001,5,26,1,9,12.1,4,nucella emarginata; nucella ostrina,5
Alegria,38,1,2001,5,26,1,9,12.1,4,pachygrapsus crassipes,16
Alegria,38,1,2001,5,26,1,9,12.1,4,tegula funebralis,10
Alegria,38,1,2001,5,26,1,9,30.3,8,acanthinucella spp,2
Alegria,38,1,2001,5,26,1,9,30.3,8,pachygrapsus crassipes,2
Alegria,38,1,2001,5,26,1,9,30.3,8,pagurus hirsutiusculus,5
Alegria,38,1,2001,5,26,1,9,30.3,8,pugettia producta,1
Alegria,38,1,2001,5,26,1,9,30.3,8,roperia poulsoni,1
Alegria,38,1,2001,5,26,1,12,1.2,1,littorina keenae,112
Alegria,38,1,2001,5,26,1,12,1.2,1,littorina plena; littorina scutulata,36
Alegria,38,1,2001,5,26,1,12,14.7,4,epitonium tinctum,12
Alegria,38,1,2001,5,26,1,12,14.7,4,nucella emarginata; nucella ostrina,8
Alegria,38,1,2001,5,26,1,12,14.7,4,pachygrapsus crassipes,24
Alegria,38,1,2001,5,26,1,12,14.7,4,tegula funebralis,48
Alegria,38,1,2001,5,26,1,12,32.8,8,acanthinucella spp,12
Alegria,38,1,2001,5,26,1,12,32.8,8,epitonium tinctum,2
Alegria,38,1,2001,5,26,1,12,32.8,8,ocenebra circumtexta,1
Alegria,38,1,2001,5,26,1,12,32.8,8,pachygrapsus crassipes,3
Alegria,38,1,2001,5,26,1,12,32.8,8,tegula funebralis,5
Alegria,38,1,2001,5,26,1,15,1.9,1,littorina keenae,196
Alegria,38,1,2001,5,26,1,15,1.9,1,littorina plena; littorina scutulata,44
Alegria,38,1,2001,5,26,1,15,19.3,4,acanthinucella spp,62
Alegria,38,1,2001,5,26,1,15,19.3,4,epitonium tinctum,12
Alegria,38,1,2001,5,26,1,15,19.3,4,littorina plena; littorina scutulata,4
Alegria,38,1,2001,5,26,1,15,19.3,4,nucella emarginata; nucella ostrina,12
Alegria,38,1,2001,5,26,1,15,19.3,4,pachygrapsus crassipes,32
Alegria,38,1,2001,5,26,1,15,19.3,4,pagurus samuelis,8
Alegria,38,1,2001,5,26,1,15,19.3,4,tegula funebralis,140
Alegria,38,1,2001,5,26,1,15,36.8,8,acanthinucella spp,1
Alegria,38,1,2001,5,26,1,15,36.8,8,epitonium tinctum,2
Alegria,38,1,2001,5,26,1,15,36.8,8,pachygrapsus crassipes,2
Alegria,38,1,2001,5,26,1,15,36.8,8,roperia poulsoni,1
Alegria,38,1,2001,5,26,1,18,8,1,littorina keenae,800
Alegria,38,1,2001,5,26,1,18,8,1,littorina plena; littorina scutulata,6
Alegria,38,1,2001,5,26,1,18,8,1,ocenebra circumtexta,1
Alegria,38,1,2001,5,26,1,18,19,4,acanthinucella spp,6
Alegria,38,1,2001,5,26,1,18,19,4,nucella emarginata; nucella ostrina,1
Alegria,38,1,2001,5,26,1,18,19,4,pachygrapsus crassipes,1
Alegria,38,1,2001,5,26,1,18,19,4,tegula funebralis,11
Alegria,38,1,2001,5,26,1,18,31.5,8,acanthinucella spp,5
Alegria,38,1,2001,5,26,1,18,31.5,8,pachygrapsus crassipes,5
Alegria,38,1,2001,5,26,1,18,31.5,8,pagurus hirsutiusculus,4
Alegria,38,1,2001,5,26,1,18,31.5,8,tegula funebralis,4
Alegria,38,1,2001,5,26,1,21,7.5,1,littorina keenae,120
Alegria,38,1,2001,5,26,1,21,7.5,1,littorina plena; littorina scutulata,9
Alegria,38,1,2001,5,26,1,21,7.5,1,tegula funebralis,2
Alegria,38,1,2001,5,26,1,21,15.5,4,littorina plena; littorina scutulata,11
Alegria,38,1,2001,5,26,1,21,15.5,4,nucella emarginata; nucella ostrina,5
Alegria,38,1,2001,5,26,1,21,15.5,4,pachygrapsus crassipes,3
Alegria,38,1,2001,5,26,1,21,15.5,4,tegula funebralis,20
Alegria,38,1,2001,5,26,1,21,32.5,8,alia spp,1
Alegria,38,1,2001,5,26,1,21,32.5,8,pagurus hirsutiusculus,3
Alegria,38,1,2001,5,26,1,24,8,1,acanthinucella spp,2
Alegria,38,1,2001,5,26,1,24,8,1,littorina keenae,320
Alegria,38,1,2001,5,26,1,24,8,1,tegula funebralis,6
Alegria,38,1,2001,5,26,1,24,18,4,acanthinucella spp,4
Alegria,38,1,2001,5,26,1,24,18,4,tegula funebralis,12
Alegria,38,1,2001,5,26,1,24,33,8,pagurus hirsutiusculus,1
Alegria,38,1,2001,5,26,1,24,33,8,pugettia producta,1
Alegria,38,1,2001,5,26,1,27,7.5,1,littorina plena; littorina scutulata,9
Alegria,38,1,2001,5,26,1,27,7.5,1,tegula funebralis,3
Alegria,38,1,2001,5,26,1,27,17,4,littorina keenae,1520
Alegria,38,1,2001,5,26,1,27,17,4,littorina plena; littorina scutulata,2
Alegria,38,1,2001,5,26,1,27,32.3,8,californiconus californicus,3
Alegria,38,1,2001,5,26,1,27,32.3,8,ocenebra circumtexta,1
Alegria,38,1,2001,5,26,1,27,32.3,8,pagurus hirsutiusculus,4
Alegria,38,1,2001,5,26,1,27,32.3,8,tegula funebralis,3
Alegria,38,1,2001,5,26,1,30,7,1,littorina keenae,300
Alegria,38,1,2001,5,26,1,30,7,1,littorina plena; littorina scutulata,26
Alegria,38,1,2001,5,26,1,30,7,1,nucella emarginata; nucella ostrina,1
Alegria,38,1,2001,5,26,1,30,7,1,tegula funebralis,1
Alegria,38,1,2001,5,26,1,30,17,4,acanthinucella spp,1
Alegria,38,1,2001,5,26,1,30,17,4,littorina keenae,2800
Alegria,38,1,2001,5,26,1,30,17,4,littorina plena; littorina scutulata,1
Alegria,38,1,2001,5,26,1,30,17,4,ocenebra circumtexta,1
Alegria,38,1,2001,5,26,1,30,17,4,pachygrapsus crassipes,3
Alegria,38,1,2001,5,26,1,30,32,8,pagurus hirsutiusculus,2
Alegria,38,2,2003,5,17,1,0,0.4,1,littorina keenae,6
Alegria,38,2,2003,5,17,1,0,0.4,1,littorina plena; littorina scutulata,4
Alegria,38,2,2003,5,17,1,0,37.5,8,californiconus californicus,1
Alegria,38,2,2003,5,17,1,0,37.5,8,lacuna spp,20
Alegria,38,2,2003,5,17,1,0,37.5,8,pagurus hirsutiusculus,1
Alegria,38,2,2003,5,17,1,0,37.5,8,pugettia producta,2
Alegria,38,2,2003,5,17,1,3,0.5,1,littorina keenae,4
Alegria,38,2,2003,5,17,1,3,0.5,1,pachygrapsus crassipes,2
Alegria,38,2,2003,5,17,1,3,18.8,4,acanthinucella spp,2
Alegria,38,2,2003,5,17,1,3,18.8,4,nucella emarginata; nucella ostrina,4
Alegria,38,2,2003,5,17,1,3,18.8,4,pachygrapsus crassipes,1
Alegria,38,2,2003,5,17,1,3,18.8,4,tegula funebralis,9
Alegria,38,2,2003,5,17,1,3,37.8,8,pagurus hirsutiusculus,1
Alegria,38,2,2003,5,17,1,3,37.8,8,pisaster ochraceus,1
Alegria,38,2,2003,5,17,1,6,0,1,littorina keenae,44
Alegria,38,2,2003,5,17,1,6,11.9,4,littorina plena; littorina scutulata,7
Alegria,38,2,2003,5,17,1,6,11.9,4,opalia funiculata,1
Alegria,38,2,2003,5,17,1,6,11.9,4,tegula funebralis,5
Alegria,38,2,2003,5,17,1,6,36.3,8,lacuna spp,6
Alegria,38,2,2003,5,17,1,6,36.3,8,pagurus hirsutiusculus,2
Alegria,38,2,2003,5,17,1,9,0.1,1,littorina plena; littorina scutulata,22
Alegria,38,2,2003,5,17,1,9,9.9,4,littorina plena; littorina scutulata,14
Alegria,38,2,2003,5,17,1,9,9.9,4,nucella emarginata; nucella ostrina,1
Alegria,38,2,2003,5,17,1,9,9.9,4,opalia funiculata,2
Alegria,38,2,2003,5,17,1,9,9.9,4,pachygrapsus crassipes,3
Alegria,38,2,2003,5,17,1,9,9.9,4,tegula funebralis,5
Alegria,38,2,2003,5,17,1,9,33.9,8,lacuna spp,15
Alegria,38,2,2003,5,17,1,12,0.3,1,littorina keenae,84
Alegria,38,2,2003,5,17,1,12,15.6,4,epitonium tinctum,1
Alegria,38,2,2003,5,17,1,12,15.6,4,littorina plena; littorina scutulata,6
Alegria,38,2,2003,5,17,1,12,15.6,4,opalia funiculata,2
Alegria,38,2,2003,5,17,1,12,15.6,4,tegula funebralis,2
Alegria,38,2,2003,5,17,1,15,1.4,1,littorina plena; littorina scutulata,33
Alegria,38,2,2003,5,17,1,15,8.6,4,acanthinucella spp,1
Alegria,38,2,2003,5,17,1,15,8.6,4,littorina plena; littorina scutulata,4
Alegria,38,2,2003,5,17,1,15,8.6,4,nucella emarginata; nucella ostrina,3
Alegria,38,2,2003,5,17,1,15,8.6,4,tegula funebralis,2
Alegria,38,2,2003,5,17,1,15,36.8,8,pachygrapsus crassipes,1
Alegria,38,2,2003,5,17,1,18,0,1,littorina keenae,110
Alegria,38,2,2003,5,17,1,18,10.3,4,littorina plena; littorina scutulata,3
Alegria,38,2,2003,5,17,1,18,10.3,4,nucella emarginata; nucella ostrina,3
Alegria,38,2,2003,5,17,1,18,10.3,4,opalia funiculata,1
Alegria,38,2,2003,5,17,1,18,10.3,4,tegula funebralis,2
Alegria,38,2,2003,5,17,1,18,35.2,8,pisaster ochraceus,2
Alegria,38,2,2003,5,17,1,21,1,1,littorina keenae,4
Alegria,38,2,2003,5,17,1,21,1,1,littorina plena; littorina scutulata,30
Alegria,38,2,2003,5,17,1,21,15.4,4,acanthinucella spp,1
Alegria,38,2,2003,5,17,1,21,15.4,4,littorina plena; littorina scutulata,4
Alegria,38,2,2003,5,17,1,21,15.4,4,nucella emarginata; nucella ostrina,1
Alegria,38,2,2003,5,17,1,21,31.5,8,acanthinucella spp,6
Alegria,38,2,2003,5,17,1,21,31.5,8,pagurus hirsutiusculus,2
Alegria,38,2,2003,5,17,1,24,0,1,littorina keenae,166
Alegria,38,2,2003,5,17,1,24,25.1,4,acanthinucella spp,11
Alegria,38,2,2003,5,17,1,24,25.1,4,pagurus samuelis,5
Alegria,38,2,2003,5,17,1,24,25.1,4,tegula funebralis,33
Alegria,38,2,2003,5,17,1,24,32.8,8,acanthinucella spp,3
Alegria,38,2,2003,5,17,1,24,32.8,8,californiconus californicus,1
Alegria,38,2,2003,5,17,1,24,32.8,8,pagurus hirsutiusculus,2
Alegria,38,2,2003,5,17,1,27,0.4,1,littorina keenae,12
Alegria,38,2,2003,5,17,1,27,16.5,4,acanthinucella spp,2
Alegria,38,2,2003,5,17,1,27,16.5,4,littorina plena; littorina scutulata,8
Alegria,38,2,2003,5,17,1,27,16.5,4,tegula funebralis,12
Alegria,38,2,2003,5,17,1,27,32.3,8,acanthinucella spp,3
Alegria,38,2,2003,5,17,1,27,32.3,8,alia spp,2
Alegria,38,2,2003,5,17,1,27,32.3,8,amphissa versicolor,1
Alegria,38,2,2003,5,17,1,27,32.3,8,pugettia producta,1
Alegria,38,2,2003,5,17,1,30,2,1,littorina keenae,1
Alegria,38,2,2003,5,17,1,30,2,1,littorina plena; littorina scutulata,80
Alegria,38,2,2003,5,17,1,30,15.4,4,acanthinucella spp,1
Alegria,38,2,2003,5,17,1,30,15.4,4,nucella emarginata; nucella ostrina,1
Alegria,38,2,2003,5,17,1,30,15.4,4,opalia funiculata,1
Alegria,38,2,2003,5,17,1,30,15.4,4,pachygrapsus crassipes,1
Alegria,38,2,2003,5,17,1,30,15.4,4,tegula funebralis,30
Alegria,38,2,2003,5,17,1,30,31.1,8,acanthinucella spp,1
Alegria,38,2,2003,5,17,1,30,31.1,8,epitonium tinctum,2
Alegria,38,2,2003,5,17,1,30,31.1,8,littorina plena; littorina scutulata,2
Alegria,38,2,2003,5,17,1,30,31.1,8,opalia funiculata,1
Alegria,38,2,2003,5,17,1,30,31.1,8,pagurus hirsutiusculus,3
Alegria,38,3,2004,5,10,1,0,0,1,littorina plena; littorina scutulata,23
Alegria,38,3,2004,5,10,1,0,0,1,nucella emarginata; nucella ostrina,3
Alegria,38,3,2004,5,10,1,0,12,4,acanthinucella spp,3
Alegria,38,3,2004,5,10,1,0,12,4,littorina plena; littorina scutulata,2
Alegria,38,3,2004,5,10,1,0,12,4,nucella emarginata; nucella ostrina,6
Alegria,38,3,2004,5,10,1,0,12,4,pachygrapsus crassipes,1
Alegria,38,3,2004,5,10,1,0,12,4,tegula funebralis,9
Alegria,38,3,2004,5,10,1,0,26.2,8,tegula funebralis,4
Alegria,38,3,2004,5,10,1,3,0.9,1,littorina plena; littorina scutulata,12
Alegria,38,3,2004,5,10,1,3,22.6,4,acanthinucella spp,3
Alegria,38,3,2004,5,10,1,3,22.6,4,epitonium tinctum,1
Alegria,38,3,2004,5,10,1,3,22.6,4,tegula funebralis,21
Alegria,38,3,2004,5,10,1,3,23.9,8,epitonium tinctum,1
Alegria,38,3,2004,5,10,1,3,23.9,8,tegula funebralis,22
Alegria,38,3,2004,5,10,1,6,1.1,1,littorina keenae,30
Alegria,38,3,2004,5,10,1,6,1.1,1,littorina plena; littorina scutulata,60
Alegria,38,3,2004,5,10,1,6,14.9,4,acanthinucella spp,11
Alegria,38,3,2004,5,10,1,6,14.9,4,littorina plena; littorina scutulata,4
Alegria,38,3,2004,5,10,1,6,14.9,4,tegula funebralis,29
Alegria,38,3,2004,5,10,1,6,39.6,8,no mobiles found,0
Alegria,38,3,2004,5,10,1,9,2.4,1,littorina keenae,6
Alegria,38,3,2004,5,10,1,9,2.4,1,littorina plena; littorina scutulata,10
Alegria,38,3,2004,5,10,1,9,7.3,4,littorina plena; littorina scutulata,30
Alegria,38,3,2004,5,10,1,9,27.5,8,olivella biplicata,1
Alegria,38,3,2004,5,10,1,9,27.5,8,pachygrapsus crassipes,1
Alegria,38,3,2004,5,10,1,12,0.9,1,littorina keenae,36
Alegria,38,3,2004,5,10,1,12,0.9,1,littorina plena; littorina scutulata,52
Alegria,38,3,2004,5,10,1,12,15,4,littorina plena; littorina scutulata,8
Alegria,38,3,2004,5,10,1,12,15,4,nucella emarginata; nucella ostrina,7
Alegria,38,3,2004,5,10,1,12,15,4,pachygrapsus crassipes,1
Alegria,38,3,2004,5,10,1,12,15,4,tegula funebralis,19
Alegria,38,3,2004,5,10,1,12,25.4,8,acanthinucella spp,1
Alegria,38,3,2004,5,10,1,12,25.4,8,tegula funebralis,7
Alegria,38,3,2004,5,10,1,15,1.7,1,littorina keenae,1
Alegria,38,3,2004,5,10,1,15,1.7,1,littorina plena; littorina scutulata,70
Alegria,38,3,2004,5,10,1,15,9.7,4,littorina plena; littorina scutulata,8
Alegria,38,3,2004,5,10,1,15,9.7,4,nucella emarginata; nucella ostrina,1
Alegria,38,3,2004,5,10,1,15,9.7,4,tegula funebralis,2
Alegria,38,3,2004,5,10,1,15,33.8,8,pachygrapsus crassipes,1
Alegria,38,3,2004,5,10,1,15,33.8,8,pagurus hirsutiusculus,2
Alegria,38,3,2004,5,10,1,15,33.8,8,pugettia producta,1
Alegria,38,3,2004,5,10,1,15,33.8,8,tegula funebralis,1
Alegria,38,3,2004,5,10,1,18,1.8,1,littorina keenae,1
Alegria,38,3,2004,5,10,1,18,1.8,1,littorina plena; littorina scutulata,36
Alegria,38,3,2004,5,10,1,18,29,4,acanthinucella spp,5
Alegria,38,3,2004,5,10,1,18,29,4,nucella emarginata; nucella ostrina,4
Alegria,38,3,2004,5,10,1,18,29,4,pachygrapsus crassipes,2
Alegria,38,3,2004,5,10,1,18,29,4,tegula funebralis,57
Alegria,38,3,2004,5,10,1,18,35.2,8,acanthinucella spp,2
Alegria,38,3,2004,5,10,1,21,5,1,littorina plena; littorina scutulata,12
Alegria,38,3,2004,5,10,1,21,23,4,acanthinucella spp,2
Alegria,38,3,2004,5,10,1,21,23,4,littorina plena; littorina scutulata,10
Alegria,38,3,2004,5,10,1,21,23,4,tegula funebralis,31
Alegria,38,3,2004,5,10,1,21,33.3,8,tegula funebralis,3
Alegria,38,3,2004,5,10,1,24,0.4,1,littorina keenae,39
Alegria,38,3,2004,5,10,1,24,0.4,1,littorina plena; littorina scutulata,2
Alegria,38,3,2004,5,10,1,24,18.6,4,littorina plena; littorina scutulata,5
Alegria,38,3,2004,5,10,1,24,18.6,4,tegula funebralis,8
Alegria,38,3,2004,5,10,1,24,32.5,8,tegula funebralis,24
Alegria,38,3,2004,5,10,1,27,2.2,1,littorina keenae,2
Alegria,38,3,2004,5,10,1,27,2.2,1,littorina plena; littorina scutulata,36
Alegria,38,3,2004,5,10,1,27,17,4,epitonium tinctum,1
Alegria,38,3,2004,5,10,1,27,17,4,littorina plena; littorina scutulata,12
Alegria,38,3,2004,5,10,1,27,17,4,tegula funebralis,2
Alegria,38,3,2004,5,10,1,30,1.5,1,littorina plena; littorina scutulata,11
Alegria,38,3,2004,5,10,1,30,13.2,4,acanthinucella spp,1
Alegria,38,3,2004,5,10,1,30,13.2,4,epitonium tinctum,1
Alegria,38,3,2004,5,10,1,30,13.2,4,littorina plena; littorina scutulata,19
Alegria,38,3,2004,5,10,1,30,13.2,4,pachygrapsus crassipes,1
Alegria,38,3,2004,5,10,1,30,13.2,4,tegula funebralis,7
Alegria,38,3,2004,5,10,1,30,33.3,8,no mobiles found,0
Alegria,38,4,2012,1,5,1,0,7.2,1,littorina keenae,43
Alegria,38,4,2012,1,5,1,0,7.2,1,littorina spp,57
Alegria,38,4,2012,1,5,1,0,13,4,littorina spp,1
Alegria,38,4,2012,1,5,1,0,13,4,tegula funebralis,22
Alegria,38,4,2012,1,5,1,0,27.7,8,tegula funebralis,2
Alegria,38,4,2012,1,5,1,3,7.5,1,tegula funebralis,8
Alegria,38,4,2012,1,5,1,3,14.8,4,nucella emarginata; nucella ostrina,3
Alegria,38,4,2012,1,5,1,3,14.8,4,pachygrapsus crassipes,3
Alegria,38,4,2012,1,5,1,3,14.8,4,tegula funebralis,92
Alegria,38,4,2012,1,5,1,3,27.9,8,no mobiles found,1
Alegria,38,4,2012,1,5,1,6,1.4,1,tegula funebralis,9
Alegria,38,4,2012,1,5,1,6,11.8,4,tegula funebralis,77
Alegria,38,4,2012,1,5,1,6,28,8,acanthinucella spp,2
Alegria,38,4,2012,1,5,1,6,28,8,littorina keenae,3
Alegria,38,4,2012,1,5,1,6,28,8,pagurus hirsutiusculus,3
Alegria,38,4,2012,1,5,1,6,28,8,tegula funebralis,41
Alegria,38,4,2012,1,5,1,9,7.9,4,acanthinucella spp,1
Alegria,38,4,2012,1,5,1,9,7.9,4,nucella emarginata; nucella ostrina,23
Alegria,38,4,2012,1,5,1,9,7.9,4,tegula funebralis,25
Alegria,38,4,2012,1,5,1,9,30,8,californiconus californicus,1
Alegria,38,4,2012,1,5,1,12,6,1,littorina spp,36
Alegria,38,4,2012,1,5,1,12,6,1,nucella emarginata; nucella ostrina,7
Alegria,38,4,2012,1,5,1,12,6,1,tegula funebralis,1
Alegria,38,4,2012,1,5,1,12,9,4,nucella emarginata; nucella ostrina,6
Alegria,38,4,2012,1,5,1,12,9,4,tegula funebralis,26
Alegria,38,4,2012,1,5,1,12,26,8,acanthinucella spp,1
Alegria,38,4,2012,1,5,1,12,26,8,tegula funebralis,21
Alegria,38,4,2012,1,5,1,15,5,1,epitonium tinctum,1
Alegria,38,4,2012,1,5,1,15,5,1,littorina spp,26
Alegria,38,4,2012,1,5,1,15,5,1,nucella emarginata; nucella ostrina,2
Alegria,38,4,2012,1,5,1,15,5,1,tegula funebralis,1
Alegria,38,4,2012,1,5,1,15,8,4,littorina keenae,1
Alegria,38,4,2012,1,5,1,15,8,4,littorina spp,3
Alegria,38,4,2012,1,5,1,15,8,4,nucella emarginata; nucella ostrina,1
Alegria,38,4,2012,1,5,1,15,24,8,acanthinucella spp,1
Alegria,38,4,2012,1,5,1,15,24,8,littorina keenae,1
Alegria,38,4,2012,1,5,1,15,24,8,nucella emarginata; nucella ostrina,3
Alegria,38,4,2012,1,5,1,15,24,8,tegula funebralis,98
Alegria,38,4,2012,1,5,1,18,1.4,1,littorina plena; littorina scutulata,4
Alegria,38,4,2012,1,5,1,18,8.8,4,nucella emarginata; nucella ostrina,2
Alegria,38,4,2012,1,5,1,18,8.8,4,tegula funebralis,3
Alegria,38,4,2012,1,5,1,18,22,8,acanthinucella spp,3
Alegria,38,4,2012,1,5,1,18,22,8,tegula funebralis,3
Alegria,38,4,2012,1,5,1,21,4.4,1,littorina spp,184
Alegria,38,4,2012,1,5,1,21,9.4,4,epitonium tinctum,4
Alegria,38,4,2012,1,5,1,21,9.4,4,nucella emarginata; nucella ostrina,3
Alegria,38,4,2012,1,5,1,21,9.4,4,tegula funebralis,6
Alegria,38,4,2012,1,5,1,21,23.7,8,littorina keenae,1
Alegria,38,4,2012,1,5,1,21,23.7,8,nucella emarginata; nucella ostrina,1
Alegria,38,4,2012,1,5,1,21,23.7,8,tegula funebralis,11
Alegria,38,4,2012,1,5,1,24,5.6,1,littorina keenae,50
Alegria,38,4,2012,1,5,1,24,5.6,1,nucella emarginata; nucella ostrina,3
Alegria,38,4,2012,1,5,1,24,9.9,4,littorina keenae,1
Alegria,38,4,2012,1,5,1,24,9.9,4,nucella emarginata; nucella ostrina,1
Alegria,38,4,2012,1,5,1,24,9.9,4,pachygrapsus crassipes,1
Alegria,38,4,2012,1,5,1,24,9.9,4,tegula funebralis,6
Alegria,38,4,2012,1,5,1,24,20,8,littorina keenae,11
Alegria,38,4,2012,1,5,1,24,20,8,littorina spp,5
Alegria,38,4,2012,1,5,1,24,20,8,nucella emarginata; nucella ostrina,2
Alegria,38,4,2012,1,5,1,24,20,8,tegula funebralis,5
Alegria,38,4,2012,1,5,1,27,3,1,littorina keenae,35
Alegria,38,4,2012,1,5,1,27,3,1,littorina spp,45
Alegria,38,4,2012,1,5,1,27,8,4,littorina keenae,28
Alegria,38,4,2012,1,5,1,27,8,4,littorina spp,12
Alegria,38,4,2012,1,5,1,27,20,8,littorina keenae,38
Alegria,38,4,2012,1,5,1,27,20,8,littorina spp,7
Alegria,38,4,2012,1,5,1,27,20,8,roperia poulsoni,1
Alegria,38,4,2012,1,5,1,27,20,8,tegula funebralis,9
Alegria,38,4,2012,1,5,1,30,5,1,littorina keenae,21
Alegria,38,4,2012,1,5,1,30,5,1,littorina spp,13
Alegria,38,4,2012,1,5,1,30,5,1,nucella emarginata; nucella ostrina,1
Alegria,38,4,2012,1,5,1,30,5,1,pachygrapsus crassipes,1
Alegria,38,4,2012,1,5,1,30,5,1,tegula funebralis,1
Alegria,38,4,2012,1,5,1,30,13,4,littorina keenae,70
Alegria,38,4,2012,1,5,1,30,13,4,littorina spp,20
Alegria,38,4,2012,1,5,1,30,13,4,nucella emarginata; nucella ostrina,7
Alegria,38,4,2012,1,5,1,30,13,4,tegula funebralis,9
Alegria,38,4,2012,1,5,1,30,23.8,8,nucella emarginata; nucella ostrina,4
Alegria,38,4,2012,1,5,1,30,23.8,8,pagurus hirsutiusculus,2
Alegria,38,4,2012,1,5,1,30,23.8,8,tegula funebralis,57
Alegria,38,6,2016,2,20,1,0,0.2,1,littorina keenae,48
Alegria,38,6,2016,2,20,1,0,0.2,1,nucella emarginata; nucella ostrina,1
Alegria,38,6,2016,2,20,1,0,12.1,4,pachygrapsus crassipes,1
Alegria,38,6,2016,2,20,1,0,12.1,4,tegula funebralis,1
Alegria,38,6,2016,2,20,1,3,0,1,littorina keenae,372
Alegria,38,6,2016,2,20,1,3,9.8,4,nucella emarginata; nucella ostrina,2
Alegria,38,6,2016,2,20,1,3,9.8,4,opalia funiculata,1
Alegria,38,6,2016,2,20,1,3,9.8,4,pachygrapsus crassipes,4
Alegria,38,6,2016,2,20,1,3,9.8,4,tegula funebralis,2
Alegria,38,6,2016,2,20,1,3,24,8,epitonium tinctum,1
Alegria,38,6,2016,2,20,1,3,24,8,ocenebra circumtexta,1
Alegria,38,6,2016,2,20,1,3,24,8,pagurus hirsutiusculus,4
Alegria,38,6,2016,2,20,1,6,0,1,littorina keenae,340
Alegria,38,6,2016,2,20,1,6,0,1,littorina plena; littorina scutulata,12
Alegria,38,6,2016,2,20,1,6,0,1,littorina spp,25
Alegria,38,6,2016,2,20,1,6,14.1,4,pachygrapsus crassipes,1
Alegria,38,6,2016,2,20,1,6,26.9,8,pachygrapsus crassipes,2
Alegria,38,6,2016,2,20,1,9,0,1,littorina keenae,116
Alegria,38,6,2016,2,20,1,9,0,1,littorina plena; littorina scutulata,2
Alegria,38,6,2016,2,20,1,9,0,1,littorina spp,30
Alegria,38,6,2016,2,20,1,9,14,4,epitonium tinctum,1
Alegria,38,6,2016,2,20,1,9,14,4,nucella emarginata; nucella ostrina,1
Alegria,38,6,2016,2,20,1,9,14,4,pachygrapsus crassipes,3
Alegria,38,6,2016,2,20,1,9,14,4,tegula funebralis,2
Alegria,38,6,2016,2,20,1,9,25.7,8,californiconus californicus,1
Alegria,38,6,2016,2,20,1,9,25.7,8,epitonium tinctum,1
Alegria,38,6,2016,2,20,1,12,0.5,1,littorina keenae,850
Alegria,38,6,2016,2,20,1,12,0.5,1,littorina spp,40
Alegria,38,6,2016,2,20,1,12,7.4,4,littorina plena; littorina scutulata,6
Alegria,38,6,2016,2,20,1,12,7.4,4,nucella emarginata; nucella ostrina,2
Alegria,38,6,2016,2,20,1,12,7.4,4,pachygrapsus crassipes,3
Alegria,38,6,2016,2,20,1,12,7.4,4,tegula funebralis,1
Alegria,38,6,2016,2,20,1,12,33.3,8,epitonium tinctum,2
Alegria,38,6,2016,2,20,1,15,0.5,1,littorina keenae,139
Alegria,38,6,2016,2,20,1,15,0.5,1,littorina plena; littorina scutulata,5
Alegria,38,6,2016,2,20,1,15,0.5,1,littorina spp,10
Alegria,38,6,2016,2,20,1,15,14,4,acanthinucella spp,2
Alegria,38,6,2016,2,20,1,15,14,4,littorina plena; littorina scutulata,1
Alegria,38,6,2016,2,20,1,15,14,4,nucella emarginata; nucella ostrina,6
Alegria,38,6,2016,2,20,1,15,14,4,pachygrapsus crassipes,1
Alegria,38,6,2016,2,20,1,15,14,4,tegula funebralis,5
Alegria,38,6,2016,2,20,1,15,24,8,epitonium tinctum,1
Alegria,38,6,2016,2,20,1,18,0.3,1,littorina keenae,381
Alegria,38,6,2016,2,20,1,18,0.3,1,littorina spp,5
Alegria,38,6,2016,2,20,1,18,16,4,littorina plena; littorina scutulata,1
Alegria,38,6,2016,2,20,1,18,16,4,nucella emarginata; nucella ostrina,2
Alegria,38,6,2016,2,20,1,18,16,4,pachygrapsus crassipes,7
Alegria,38,6,2016,2,20,1,18,16,4,tegula funebralis,3
Alegria,38,6,2016,2,20,1,18,27,8,opalia funiculata,1
Alegria,38,6,2016,2,20,1,21,0.4,1,littorina keenae,286
Alegria,38,6,2016,2,20,1,21,0.4,1,littorina plena; littorina scutulata,2
Alegria,38,6,2016,2,20,1,21,9.8,4,epitonium tinctum,1
Alegria,38,6,2016,2,20,1,21,9.8,4,littorina keenae,17
Alegria,38,6,2016,2,20,1,21,9.8,4,nucella emarginata; nucella ostrina,2
Alegria,38,6,2016,2,20,1,21,9.8,4,pachygrapsus crassipes,2
Alegria,38,6,2016,2,20,1,21,9.8,4,tegula funebralis,2
Alegria,38,6,2016,2,20,1,21,20,8,acanthinucella spp,1
Alegria,38,6,2016,2,20,1,24,0.7,1,littorina keenae,79
Alegria,38,6,2016,2,20,1,24,0.7,1,littorina plena; littorina scutulata,29
Alegria,38,6,2016,2,20,1,24,0.7,1,littorina spp,12
Alegria,38,6,2016,2,20,1,24,9.3,4,littorina keenae,8
Alegria,38,6,2016,2,20,1,24,9.3,4,nucella emarginata; nucella ostrina,2
Alegria,38,6,2016,2,20,1,24,9.3,4,pachygrapsus crassipes,1
Alegria,38,6,2016,2,20,1,24,9.3,4,tegula funebralis,1
Alegria,38,6,2016,2,20,1,27,0.4,1,littorina keenae,32
Alegria,38,6,2016,2,20,1,27,7.5,4,littorina keenae,114
Alegria,38,6,2016,2,20,1,27,7.5,4,littorina plena; littorina scutulata,82
Alegria,38,6,2016,2,20,1,27,7.5,4,littorina spp,5
Alegria,38,6,2016,2,20,1,30,4,1,littorina keenae,2
Alegria,38,6,2016,2,20,1,30,4,1,littorina plena; littorina scutulata,7
Alegria,38,6,2016,2,20,1,30,9.9,4,littorina keenae,16
Alegria,38,6,2016,2,20,1,30,9.9,4,littorina plena; littorina scutulata,8
Alegria,38,6,2016,2,20,1,30,9.9,4,nucella emarginata; nucella ostrina,1
Alegria,38,6,2016,2,20,1,30,9.9,4,pachygrapsus crassipes,2
Alegria,38,6,2016,2,20,1,30,9.9,4,tegula funebralis,14
Alegria,38,6,2016,2,20,1,30,22.9,8,epitonium tinctum,4
Alegria,38,6,2016,2,20,1,30,22.9,8,pagurus hirsutiusculus,1
Cabrillo III,51,1,2002,3,25,1,0,6.6,1,littorina keenae,5
Cabrillo III,51,1,2002,3,25,1,0,6.6,1,littorina plena; littorina scutulata,13
Cabrillo III,51,1,2002,3,25,1,0,6.6,1,pachygrapsus crassipes,1
Cabrillo III,51,1,2002,3,25,1,0,6.6,1,tegula funebralis,4
Cabrillo III,51,1,2002,3,25,1,0,28.2,8,ceratostoma nuttalli,1
Cabrillo III,51,1,2002,3,25,1,0,56.2,8,pachygrapsus crassipes,1
Cabrillo III,51,1,2002,3,25,1,0,56.2,8,tegula eiseni,22
Cabrillo III,51,1,2002,3,25,1,3,5.4,1,littorina plena; littorina scutulata,11
Cabrillo III,51,1,2002,3,25,1,3,38.9,8,tegula eiseni,9
Cabrillo III,51,1,2002,3,25,1,3,63.3,8,tegula aureotincta,1
Cabrillo III,51,1,2002,3,25,1,3,63.3,8,tegula eiseni,1
Cabrillo III,51,1,2002,3,25,1,6,2.3,1,littorina keenae,280
Cabrillo III,51,1,2002,3,25,1,6,2.3,1,littorina plena; littorina scutulata,24
Cabrillo III,51,1,2002,3,25,1,6,29.9,8,tegula eiseni,13
Cabrillo III,51,1,2002,3,25,1,6,57,8,petrolisthes spp,1
Cabrillo III,51,1,2002,3,25,1,6,57,8,pugettia gracilis; pugettia richii,1
Cabrillo III,51,1,2002,3,25,1,6,57,8,tegula eiseni,11
Cabrillo III,51,1,2002,3,25,1,9,1.8,1,littorina plena; littorina scutulata,11
Cabrillo III,51,1,2002,3,25,1,9,1.8,1,mexacanthina lugubris,1
Cabrillo III,51,1,2002,3,25,1,9,1.8,1,tegula funebralis,6
Cabrillo III,51,1,2002,3,25,1,9,65.1,8,tegula eiseni,9
Cabrillo III,51,1,2002,3,25,1,12,1.9,1,littorina plena; littorina scutulata,23
Cabrillo III,51,1,2002,3,25,1,12,1.9,1,tegula eiseni,1
Cabrillo III,51,1,2002,3,25,1,12,22.6,8,tegula eiseni,1
Cabrillo III,51,1,2002,3,25,1,12,66.5,8,tegula eiseni,4
Cabrillo III,51,1,2002,3,25,1,15,2.5,1,littorina plena; littorina scutulata,7
Cabrillo III,51,1,2002,3,25,1,15,2.5,1,tegula funebralis,8
Cabrillo III,51,1,2002,3,25,1,15,34.5,8,alia spp,2
Cabrillo III,51,1,2002,3,25,1,15,47,8,ceratostoma nuttalli,1
Cabrillo III,51,1,2002,3,25,1,15,47,8,tegula eiseni,6
Cabrillo III,51,1,2002,3,25,1,18,1,1,littorina plena; littorina scutulata,1
Cabrillo III,51,1,2002,3,25,1,18,66.3,8,tegula eiseni,2
Cabrillo III,51,1,2002,3,25,1,21,3.2,1,littorina keenae,2
Cabrillo III,51,1,2002,3,25,1,21,3.2,1,tegula eiseni,1
Cabrillo III,51,1,2002,3,25,1,21,3.2,1,tegula funebralis,18
Cabrillo III,51,1,2002,3,25,1,21,43.5,8,tegula eiseni,6
Cabrillo III,51,1,2002,3,25,1,21,62.5,8,ceratostoma nuttalli,1
Cabrillo III,51,1,2002,3,25,1,21,62.5,8,tegula eiseni,1
Cabrillo III,51,1,2002,3,25,2,24,1.3,1,littorina plena; littorina scutulata,6
Cabrillo III,51,1,2002,3,25,2,24,1.3,1,mexacanthina lugubris,5
Cabrillo III,51,1,2002,3,25,2,24,1.3,1,pachygrapsus crassipes,1
Cabrillo III,51,1,2002,3,25,2,24,25.7,8,kelletia kelletii,1
Cabrillo III,51,1,2002,3,25,2,24,25.7,8,pachygrapsus crassipes,3
Cabrillo III,51,1,2002,3,25,2,24,25.7,8,petrolisthes spp,1
Cabrillo III,51,1,2002,3,25,2,24,25.7,8,tegula eiseni,8
Cabrillo III,51,1,2002,3,25,2,24,51,4,tegula eiseni,1
Cabrillo III,51,1,2002,3,25,2,26,2.5,1,littorina plena; littorina scutulata,3
Cabrillo III,51,1,2002,3,25,2,26,33.9,4,littorina plena; littorina scutulata,1
Cabrillo III,51,1,2002,3,25,2,26,33.9,4,pachygrapsus crassipes,1
Cabrillo III,51,1,2002,3,25,2,26,58.9,8,pagurus samuelis,6
Cabrillo III,51,1,2002,3,25,2,26,58.9,8,tegula eiseni,5
Cabrillo III,51,1,2002,3,25,2,28,4.3,1,littorina plena; littorina scutulata,21
Cabrillo III,51,1,2002,3,25,2,28,51.9,4,pagurus samuelis,1
Cabrillo III,51,1,2002,3,25,2,28,51.9,4,tegula eiseni,6
Cabrillo III,51,1,2002,3,25,2,28,64.6,8,kelletia kelletii,2
Cabrillo III,51,1,2002,3,25,2,28,64.6,8,tegula eiseni,23
Cabrillo III,51,2,2012,5,8,1,0,3.6,1,littorina keenae,8
Cabrillo III,51,2,2012,5,8,1,0,3.6,1,pachygrapsus crassipes,1
Cabrillo III,51,2,2012,5,8,1,0,3.6,1,tegula funebralis,7
Cabrillo III,51,2,2012,5,8,1,0,21.4,4,pachygrapsus crassipes,6
Cabrillo III,51,2,2012,5,8,1,0,47.6,8,californiconus californicus,3
Cabrillo III,51,2,2012,5,8,1,0,47.6,8,pagurus hirsutiusculus,1
Cabrillo III,51,2,2012,5,8,1,0,47.6,8,tegula eiseni,8
Cabrillo III,51,2,2012,5,9,1,3,1.1,1,littorina keenae,10
Cabrillo III,51,2,2012,5,9,1,3,1.1,1,littorina plena; littorina scutulata,16
Cabrillo III,51,2,2012,5,9,1,3,1.1,1,pachygrapsus crassipes,1
Cabrillo III,51,2,2012,5,8,1,3,18.1,4,pachygrapsus crassipes,2
Cabrillo III,51,2,2012,5,8,1,3,48.9,8,cancer spp,1
Cabrillo III,51,2,2012,5,8,1,3,48.9,8,lacuna spp,5
Cabrillo III,51,2,2012,5,9,1,6,2,1,littorina keenae,3
Cabrillo III,51,2,2012,5,9,1,6,2,1,littorina plena; littorina scutulata,17
Cabrillo III,51,2,2012,5,9,1,6,2,1,littorina spp,385
Cabrillo III,51,2,2012,5,9,1,6,2,1,mexacanthina lugubris,2
Cabrillo III,51,2,2012,5,8,1,6,20.6,4,pachygrapsus crassipes,8
Cabrillo III,51,2,2012,5,8,1,6,42.8,8,californiconus californicus,1
Cabrillo III,51,2,2012,5,8,1,6,42.8,8,lacuna spp,12
Cabrillo III,51,2,2012,5,9,1,9,1.7,1,littorina keenae,4
Cabrillo III,51,2,2012,5,9,1,9,1.7,1,littorina plena; littorina scutulata,1
Cabrillo III,51,2,2012,5,9,1,9,1.7,1,littorina spp,8
Cabrillo III,51,2,2012,5,9,1,9,1.7,1,mexacanthina lugubris,3
Cabrillo III,51,2,2012,5,9,1,9,1.7,1,pachygrapsus crassipes,2
Cabrillo III,51,2,2012,5,9,1,9,1.7,1,tegula funebralis,3
Cabrillo III,51,2,2012,5,9,1,9,1.7,1,tegula gallina,1
Cabrillo III,51,2,2012,5,8,1,9,16.6,4,pachygrapsus crassipes,3
Cabrillo III,51,2,2012,5,8,1,9,16.6,4,pagurus hirsutiusculus,1
Cabrillo III,51,2,2012,5,8,1,9,45.9,8,californiconus californicus,2
Cabrillo III,51,2,2012,5,8,1,9,45.9,8,tegula eiseni,3
Cabrillo III,51,2,2012,5,9,1,12,8.8,1,littorina plena; littorina scutulata,3
Cabrillo III,51,2,2012,5,9,1,12,8.8,1,littorina spp,17
Cabrillo III,51,2,2012,5,8,1,12,15.8,4,pagurus hirsutiusculus,1
Cabrillo III,51,2,2012,5,8,1,12,46.4,8,californiconus californicus,1
Cabrillo III,51,2,2012,5,8,1,12,46.4,8,tegula eiseni,2
Cabrillo III,51,2,2012,5,9,1,15,2.5,1,littorina plena; littorina scutulata,4
Cabrillo III,51,2,2012,5,9,1,15,2.5,1,littorina spp,17
Cabrillo III,51,2,2012,5,9,1,15,2.5,1,pachygrapsus crassipes,3
Cabrillo III,51,2,2012,5,9,1,15,2.5,1,tegula funebralis,116
Cabrillo III,51,2,2012,5,8,1,15,23.6,4,macron lividus,1
Cabrillo III,51,2,2012,5,8,1,15,23.6,4,pachygrapsus crassipes,1
Cabrillo III,51,2,2012,5,8,1,15,23.6,4,pagurus hirsutiusculus,1
Cabrillo III,51,2,2012,5,8,1,15,23.6,4,tegula eiseni,25
Cabrillo III,51,2,2012,5,8,1,15,32.9,8,californiconus californicus,1
Cabrillo III,51,2,2012,5,8,1,15,32.9,8,pachygrapsus crassipes,3
Cabrillo III,51,2,2012,5,8,1,15,32.9,8,pagurus hirsutiusculus,1
Cabrillo III,51,2,2012,5,8,1,15,32.9,8,tegula eiseni,3
Cabrillo III,51,2,2012,5,8,1,18,2,1,tegula funebralis,76
Cabrillo III,51,2,2012,5,8,1,18,10.2,4,pachygrapsus crassipes,3
Cabrillo III,51,2,2012,5,8,1,18,48.5,8,pagurus samuelis,2
Cabrillo III,51,2,2012,5,8,1,18,48.5,8,tegula eiseni,2
Cabrillo III,51,2,2012,5,8,1,21,1.9,1,littorina keenae,4
Cabrillo III,51,2,2012,5,8,1,21,1.9,1,littorina spp,47
Cabrillo III,51,2,2012,5,8,1,21,1.9,1,mexacanthina lugubris,1
Cabrillo III,51,2,2012,5,8,1,21,1.9,1,tegula eiseni,1
Cabrillo III,51,2,2012,5,8,1,21,1.9,1,tegula funebralis,45
Cabrillo III,51,2,2012,5,8,1,21,9,4,pachygrapsus crassipes,1
Cabrillo III,51,2,2012,5,8,1,21,41.5,8,californiconus californicus,1
Cabrillo III,51,2,2012,3,6,2,24,1.2,1,littorina keenae,11
Cabrillo III,51,2,2012,3,6,2,24,1.2,1,littorina spp,10
Cabrillo III,51,2,2012,3,6,2,24,27.1,4,littorina plena; littorina scutulata,1
Cabrillo III,51,2,2012,3,6,2,24,27.1,4,pachygrapsus crassipes,1
Cabrillo III,51,2,2012,3,6,2,24,55.3,8,kelletia kelletii,2
Cabrillo III,51,2,2012,3,6,2,24,55.3,8,pachycheles spp,1
Cabrillo III,51,2,2012,3,6,2,24,55.3,8,pachygrapsus crassipes,4
Cabrillo III,51,2,2012,3,6,2,24,55.3,8,pagurus hirsutiusculus,1
Cabrillo III,51,2,2012,3,6,2,24,55.3,8,pagurus samuelis,6
Cabrillo III,51,2,2012,3,6,2,24,55.3,8,tegula eiseni,8
Cabrillo III,51,2,2012,3,6,2,26,4.9,1,littorina spp,1
Cabrillo III,51,2,2012,3,6,2,26,39.5,4,pachygrapsus crassipes,5
Cabrillo III,51,2,2012,3,6,2,26,58.8,8,ceratostoma nuttalli,2
Cabrillo III,51,2,2012,3,6,2,26,58.8,8,kelletia kelletii,2
Cabrillo III,51,2,2012,3,6,2,26,58.8,8,pachygrapsus crassipes,10
Cabrillo III,51,2,2012,3,6,2,26,58.8,8,tegula eiseni,12
Cabrillo III,51,2,2012,3,6,2,28,33.2,4,littorina plena; littorina scutulata,2
Cabrillo III,51,2,2012,3,6,2,28,33.2,4,pagurus hirsutiusculus,1
Cabrillo III,51,2,2012,3,6,2,28,64.4,8,alia spp,1
Cabrillo III,51,2,2012,3,6,2,28,64.4,8,ceratostoma nuttalli,1
Cabrillo III,51,2,2012,3,6,2,28,64.4,8,kelletia kelletii,1
Cabrillo III,51,2,2012,3,6,2,28,64.4,8,megastraea undosa,1
Cabrillo III,51,2,2012,3,6,2,28,64.4,8,pachygrapsus crassipes,1
Cabrillo III,51,2,2012,3,6,2,28,64.4,8,pagurus samuelis,1
Cabrillo III,51,2,2012,3,6,2,28,64.4,8,tegula eiseni,7
Cabrillo III,51,4,2017,1,10,3,0,11.1,1,epitonium tinctum,1
Cabrillo III,51,4,2017,1,10,3,0,11.1,1,littorina spp,2
Cabrillo III,51,4,2017,1,10,3,0,11.1,1,nucella emarginata; nucella ostrina,1
Cabrillo III,51,4,2017,1,10,3,0,11.1,1,pagurus samuelis,1
Cabrillo III,51,4,2017,1,10,3,0,11.1,1,tegula funebralis,17
Cabrillo III,51,4,2017,1,10,3,0,27.8,4,pachygrapsus crassipes,1
Cabrillo III,51,4,2017,1,10,3,0,48.9,8,crepipatella lingulata,1
Cabrillo III,51,4,2017,1,10,3,0,48.9,8,pagurus hirsutiusculus,1
Cabrillo III,51,4,2017,1,10,3,0,48.9,8,tegula eiseni,3
Cabrillo III,51,4,2017,1,10,3,3,1.9,1,littorina keenae,80
Cabrillo III,51,4,2017,1,10,3,3,1.9,1,littorina plena; littorina scutulata,9
Cabrillo III,51,4,2017,1,10,3,3,1.9,1,pachygrapsus crassipes,3
Cabrillo III,51,4,2017,1,10,3,3,1.9,1,tegula funebralis,1
Cabrillo III,51,4,2017,1,10,3,3,28.2,4,pachygrapsus crassipes,9
Cabrillo III,51,4,2017,1,10,3,3,39.4,8,californiconus californicus,1
Cabrillo III,51,4,2017,1,10,3,3,39.4,8,tegula eiseni,3
Cabrillo III,51,4,2017,1,10,3,6,4.2,1,littorina spp,2
Cabrillo III,51,4,2017,1,10,3,6,4.2,1,nucella emarginata; nucella ostrina,1
Cabrillo III,51,4,2017,1,10,3,6,4.2,1,tegula funebralis,20
Cabrillo III,51,4,2017,1,10,3,6,25.7,4,tegula aureotincta,2
Cabrillo III,51,4,2017,1,10,3,6,47.5,8,alia spp,2
Cabrillo III,51,4,2017,1,10,3,6,47.5,8,tegula eiseni,3
Cabrillo III,51,4,2017,1,10,3,9,2.9,1,littorina keenae,7
Cabrillo III,51,4,2017,1,10,3,9,2.9,1,littorina plena; littorina scutulata,2
Cabrillo III,51,4,2017,1,10,3,9,2.9,1,littorina spp,2
Cabrillo III,51,4,2017,1,10,3,9,17.5,4,epitonium tinctum,2
Cabrillo III,51,4,2017,1,10,3,9,17.5,4,pachygrapsus crassipes,5
Cabrillo III,51,4,2017,1,10,3,9,17.5,4,pagurus samuelis,1
Cabrillo III,51,4,2017,1,10,3,9,41.6,8,lacuna spp,1
Cabrillo III,51,4,2017,1,10,3,12,1.1,1,littorina spp,6
Cabrillo III,51,4,2017,1,10,3,12,1.1,1,tegula funebralis,9
Cabrillo III,51,4,2017,1,10,3,12,20.2,4,pachygrapsus crassipes,4
Cabrillo III,51,4,2017,1,10,3,12,20.2,4,tegula eiseni,1
Cabrillo III,51,4,2017,1,10,3,12,45.2,8,alia spp,2
Cabrillo III,51,4,2017,1,10,3,12,45.2,8,lacuna spp,3
Cabrillo III,51,4,2017,1,10,3,15,3.1,1,littorina plena; littorina scutulata,53
Cabrillo III,51,4,2017,1,10,3,15,3.1,1,littorina spp,40
Cabrillo III,51,4,2017,1,10,3,15,3.1,1,mexacanthina lugubris,1
Cabrillo III,51,4,2017,1,10,3,15,3.1,1,tegula funebralis,1
Cabrillo III,51,4,2017,1,10,3,15,16.7,4,pachygrapsus crassipes,1
Cabrillo III,51,4,2017,1,10,3,15,16.7,4,tegula eiseni,1
Cabrillo III,51,4,2017,1,10,3,15,38.9,8,tegula eiseni,3
Cabrillo III,51,4,2017,1,10,3,18,3.8,1,littorina spp,5
Cabrillo III,51,4,2017,1,10,3,18,3.8,1,tegula eiseni,4
Cabrillo III,51,4,2017,1,10,3,18,3.8,1,tegula funebralis,8
Cabrillo III,51,4,2017,1,10,3,18,17.8,4,kelletia kelletii,1
Cabrillo III,51,4,2017,1,10,3,18,17.8,4,pachygrapsus crassipes,1
Cabrillo III,51,4,2017,1,10,3,18,17.8,4,tegula eiseni,6
Cabrillo III,51,4,2017,1,10,3,18,28.6,8,alia spp,8
Cabrillo III,51,4,2017,1,10,3,18,28.6,8,lacuna spp,3
Cabrillo III,51,4,2017,1,10,3,21,1.7,1,littorina plena; littorina scutulata,5
Cabrillo III,51,4,2017,1,10,3,21,1.7,1,pachygrapsus crassipes,1
Cabrillo III,51,4,2017,1,10,3,21,1.7,1,tegula eiseni,2
Cabrillo III,51,4,2017,1,10,3,21,1.7,1,tegula funebralis,7
Cabrillo III,51,4,2017,1,10,3,21,10.2,4,pachygrapsus crassipes,1
Cabrillo III,51,4,2017,1,10,3,21,35.3,8,no mobiles found,1
Cabrillo III,51,4,2017,1,10,2,24,2.4,1,tegula eiseni,1
Cabrillo III,51,4,2017,1,10,2,24,45.5,4,pachygrapsus crassipes,1
Cabrillo III,51,4,2017,1,10,2,24,45.5,4,tegula eiseni,3
Cabrillo III,51,4,2017,1,10,2,24,61.1,8,pachygrapsus crassipes,1
Cabrillo III,51,4,2017,1,10,2,24,61.1,8,tegula aureotincta,1
Cabrillo III,51,4,2017,1,10,2,24,61.1,8,tegula eiseni,13
Cabrillo III,51,4,2017,1,10,2,26,1.8,1,mexacanthina lugubris,1
Cabrillo III,51,4,2017,1,10,2,26,57,4,epitonium tinctum,7
Cabrillo III,51,4,2017,1,10,2,26,57,4,pachygrapsus crassipes,1
Cabrillo III,51,4,2017,1,10,2,26,64.4,8,alia spp,1
Cabrillo III,51,4,2017,1,10,2,26,64.4,8,lacuna spp,1
Cabrillo III,51,4,2017,1,10,2,26,64.4,8,tegula eiseni,19
Cabrillo III,51,4,2017,1,10,2,28,51.1,4,epitonium tinctum,1
Cabrillo III,51,4,2017,1,10,2,28,51.1,4,littorina spp,1
Cabrillo III,51,4,2017,1,10,2,28,51.1,4,pachygrapsus crassipes,1
Cabrillo III,51,4,2017,1,10,2,28,51.1,4,tegula eiseni,2
Cabrillo III,51,4,2017,1,10,2,28,65,8,alia spp,1
Cabrillo III,51,4,2017,1,10,2,28,65,8,californiconus californicus,1
Cabrillo III,51,4,2017,1,10,2,28,65,8,pachygrapsus crassipes,1
Cabrillo III,51,4,2017,1,10,2,28,65,8,tegula aureotincta,1
Cabrillo III,51,4,2017,1,10,2,28,65,8,tegula eiseni,26